ISO-10303-21;
HEADER;
/* Generated by software containing ST-Developer
 * from STEP Tools, Inc. (www.steptools.com) 
 */

FILE_DESCRIPTION(
/* description */ (''),
/* implementation_level */ '2;1');

FILE_NAME(
/* name */ 'Face plate.step',
/* time_stamp */ '2026-04-16T17:05:04+02:00',
/* author */ (''),
/* organization */ (''),
/* preprocessor_version */ 'ST-DEVELOPER v20.1',
/* originating_system */ 'Autodesk Translation Framework v15.8.0.0',
/* authorisation */ '');

FILE_SCHEMA (('AUTOMOTIVE_DESIGN { 1 0 10303 214 3 1 1 }'));
ENDSEC;

DATA;
#10=MECHANICAL_DESIGN_GEOMETRIC_PRESENTATION_REPRESENTATION('',(#13),#2166);
#11=SHAPE_REPRESENTATION_RELATIONSHIP('SRR','None',#2173,#12);
#12=ADVANCED_BREP_SHAPE_REPRESENTATION('',(#14),#2165);
#13=STYLED_ITEM('',(#2182),#14);
#14=MANIFOLD_SOLID_BREP('Body1',#1226);
#15=B_SPLINE_CURVE_WITH_KNOTS('',3,(#1912,#1913,#1914,#1915,#1916,#1917,
#1918,#1919,#1920,#1921,#1922,#1923,#1924,#1925),.UNSPECIFIED.,.F.,.F.,
(4,2,2,2,2,2,4),(-0.00116743553553349,0.,0.168523278091334,0.364125298741885,
0.559727319391982,0.728250598482393,0.729418033998728),.UNSPECIFIED.);
#16=B_SPLINE_CURVE_WITH_KNOTS('',3,(#1956,#1957,#1958,#1959,#1960,#1961,
#1962,#1963,#1964,#1965,#1966,#1967,#1968,#1969),.UNSPECIFIED.,.F.,.F.,
(4,2,2,2,2,2,4),(-0.00114525574317246,0.,0.159729961751126,0.372383338451285,
0.585036715151552,0.744766676910434,0.745911932653238),.UNSPECIFIED.);
#17=TOROIDAL_SURFACE('',#1283,6.35,2.);
#18=TOROIDAL_SURFACE('',#1291,6.35,2.);
#19=TOROIDAL_SURFACE('',#1296,6.35,2.);
#20=TOROIDAL_SURFACE('',#1301,6.35,2.);
#21=TOROIDAL_SURFACE('',#1309,10.,2.);
#22=TOROIDAL_SURFACE('',#1314,10.,2.);
#23=TOROIDAL_SURFACE('',#1319,10.,2.);
#24=TOROIDAL_SURFACE('',#1324,10.,2.);
#25=FACE_BOUND('',#156,.T.);
#26=FACE_BOUND('',#157,.T.);
#27=FACE_BOUND('',#158,.T.);
#28=FACE_BOUND('',#159,.T.);
#29=FACE_BOUND('',#160,.T.);
#30=FACE_BOUND('',#161,.T.);
#31=FACE_BOUND('',#162,.T.);
#32=FACE_BOUND('',#163,.T.);
#33=FACE_BOUND('',#164,.T.);
#34=FACE_BOUND('',#197,.T.);
#35=FACE_BOUND('',#200,.T.);
#36=FACE_BOUND('',#204,.T.);
#37=FACE_BOUND('',#208,.T.);
#38=FACE_BOUND('',#211,.T.);
#39=FACE_BOUND('',#212,.T.);
#40=FACE_BOUND('',#213,.T.);
#41=FACE_BOUND('',#214,.T.);
#42=FACE_BOUND('',#220,.T.);
#43=FACE_BOUND('',#221,.T.);
#44=FACE_BOUND('',#222,.T.);
#45=FACE_BOUND('',#223,.T.);
#46=FACE_BOUND('',#238,.T.);
#47=FACE_BOUND('',#239,.T.);
#48=FACE_BOUND('',#240,.T.);
#49=FACE_BOUND('',#241,.T.);
#50=FACE_BOUND('',#242,.T.);
#51=FACE_BOUND('',#243,.T.);
#52=FACE_BOUND('',#244,.T.);
#53=PLANE('',#1261);
#54=PLANE('',#1275);
#55=PLANE('',#1280);
#56=PLANE('',#1328);
#57=PLANE('',#1331);
#58=PLANE('',#1334);
#59=PLANE('',#1337);
#60=PLANE('',#1341);
#61=PLANE('',#1345);
#62=PLANE('',#1346);
#63=PLANE('',#1350);
#64=PLANE('',#1351);
#65=PLANE('',#1355);
#66=PLANE('',#1356);
#67=PLANE('',#1357);
#68=PLANE('',#1374);
#69=PLANE('',#1375);
#70=PLANE('',#1376);
#71=PLANE('',#1377);
#72=PLANE('',#1378);
#73=PLANE('',#1381);
#74=PLANE('',#1384);
#75=PLANE('',#1387);
#76=PLANE('',#1390);
#77=PLANE('',#1391);
#78=PLANE('',#1392);
#79=FACE_OUTER_BOUND('',#148,.T.);
#80=FACE_OUTER_BOUND('',#149,.T.);
#81=FACE_OUTER_BOUND('',#150,.T.);
#82=FACE_OUTER_BOUND('',#151,.T.);
#83=FACE_OUTER_BOUND('',#152,.T.);
#84=FACE_OUTER_BOUND('',#153,.T.);
#85=FACE_OUTER_BOUND('',#154,.T.);
#86=FACE_OUTER_BOUND('',#155,.T.);
#87=FACE_OUTER_BOUND('',#165,.T.);
#88=FACE_OUTER_BOUND('',#166,.T.);
#89=FACE_OUTER_BOUND('',#167,.T.);
#90=FACE_OUTER_BOUND('',#168,.T.);
#91=FACE_OUTER_BOUND('',#169,.T.);
#92=FACE_OUTER_BOUND('',#170,.T.);
#93=FACE_OUTER_BOUND('',#171,.T.);
#94=FACE_OUTER_BOUND('',#172,.T.);
#95=FACE_OUTER_BOUND('',#173,.T.);
#96=FACE_OUTER_BOUND('',#174,.T.);
#97=FACE_OUTER_BOUND('',#175,.T.);
#98=FACE_OUTER_BOUND('',#176,.T.);
#99=FACE_OUTER_BOUND('',#177,.T.);
#100=FACE_OUTER_BOUND('',#178,.T.);
#101=FACE_OUTER_BOUND('',#179,.T.);
#102=FACE_OUTER_BOUND('',#180,.T.);
#103=FACE_OUTER_BOUND('',#181,.T.);
#104=FACE_OUTER_BOUND('',#182,.T.);
#105=FACE_OUTER_BOUND('',#183,.T.);
#106=FACE_OUTER_BOUND('',#184,.T.);
#107=FACE_OUTER_BOUND('',#185,.T.);
#108=FACE_OUTER_BOUND('',#186,.T.);
#109=FACE_OUTER_BOUND('',#187,.T.);
#110=FACE_OUTER_BOUND('',#188,.T.);
#111=FACE_OUTER_BOUND('',#189,.T.);
#112=FACE_OUTER_BOUND('',#190,.T.);
#113=FACE_OUTER_BOUND('',#191,.T.);
#114=FACE_OUTER_BOUND('',#192,.T.);
#115=FACE_OUTER_BOUND('',#193,.T.);
#116=FACE_OUTER_BOUND('',#194,.T.);
#117=FACE_OUTER_BOUND('',#195,.T.);
#118=FACE_OUTER_BOUND('',#196,.T.);
#119=FACE_OUTER_BOUND('',#198,.T.);
#120=FACE_OUTER_BOUND('',#199,.T.);
#121=FACE_OUTER_BOUND('',#201,.T.);
#122=FACE_OUTER_BOUND('',#202,.T.);
#123=FACE_OUTER_BOUND('',#203,.T.);
#124=FACE_OUTER_BOUND('',#205,.T.);
#125=FACE_OUTER_BOUND('',#206,.T.);
#126=FACE_OUTER_BOUND('',#207,.T.);
#127=FACE_OUTER_BOUND('',#209,.T.);
#128=FACE_OUTER_BOUND('',#210,.T.);
#129=FACE_OUTER_BOUND('',#215,.T.);
#130=FACE_OUTER_BOUND('',#216,.T.);
#131=FACE_OUTER_BOUND('',#217,.T.);
#132=FACE_OUTER_BOUND('',#218,.T.);
#133=FACE_OUTER_BOUND('',#219,.T.);
#134=FACE_OUTER_BOUND('',#224,.T.);
#135=FACE_OUTER_BOUND('',#225,.T.);
#136=FACE_OUTER_BOUND('',#226,.T.);
#137=FACE_OUTER_BOUND('',#227,.T.);
#138=FACE_OUTER_BOUND('',#228,.T.);
#139=FACE_OUTER_BOUND('',#229,.T.);
#140=FACE_OUTER_BOUND('',#230,.T.);
#141=FACE_OUTER_BOUND('',#231,.T.);
#142=FACE_OUTER_BOUND('',#232,.T.);
#143=FACE_OUTER_BOUND('',#233,.T.);
#144=FACE_OUTER_BOUND('',#234,.T.);
#145=FACE_OUTER_BOUND('',#235,.T.);
#146=FACE_OUTER_BOUND('',#236,.T.);
#147=FACE_OUTER_BOUND('',#237,.T.);
#148=EDGE_LOOP('',(#780,#781,#782,#783));
#149=EDGE_LOOP('',(#784,#785,#786,#787));
#150=EDGE_LOOP('',(#788,#789,#790,#791));
#151=EDGE_LOOP('',(#792,#793,#794,#795));
#152=EDGE_LOOP('',(#796,#797,#798,#799));
#153=EDGE_LOOP('',(#800,#801,#802,#803));
#154=EDGE_LOOP('',(#804,#805,#806,#807));
#155=EDGE_LOOP('',(#808,#809,#810,#811,#812,#813,#814,#815));
#156=EDGE_LOOP('',(#816));
#157=EDGE_LOOP('',(#817));
#158=EDGE_LOOP('',(#818));
#159=EDGE_LOOP('',(#819));
#160=EDGE_LOOP('',(#820));
#161=EDGE_LOOP('',(#821));
#162=EDGE_LOOP('',(#822,#823,#824,#825,#826,#827,#828,#829,#830,#831,#832,
#833,#834,#835,#836,#837,#838,#839));
#163=EDGE_LOOP('',(#840));
#164=EDGE_LOOP('',(#841));
#165=EDGE_LOOP('',(#842,#843,#844,#845));
#166=EDGE_LOOP('',(#846,#847,#848,#849));
#167=EDGE_LOOP('',(#850,#851,#852,#853));
#168=EDGE_LOOP('',(#854,#855,#856,#857));
#169=EDGE_LOOP('',(#858,#859,#860,#861));
#170=EDGE_LOOP('',(#862,#863,#864,#865,#866,#867));
#171=EDGE_LOOP('',(#868,#869,#870,#871,#872,#873));
#172=EDGE_LOOP('',(#874,#875,#876,#877));
#173=EDGE_LOOP('',(#878,#879,#880,#881));
#174=EDGE_LOOP('',(#882,#883,#884,#885));
#175=EDGE_LOOP('',(#886,#887,#888,#889));
#176=EDGE_LOOP('',(#890,#891,#892,#893));
#177=EDGE_LOOP('',(#894,#895,#896,#897,#898,#899));
#178=EDGE_LOOP('',(#900,#901,#902,#903));
#179=EDGE_LOOP('',(#904,#905,#906,#907,#908,#909));
#180=EDGE_LOOP('',(#910,#911,#912,#913));
#181=EDGE_LOOP('',(#914,#915,#916,#917));
#182=EDGE_LOOP('',(#918,#919,#920,#921));
#183=EDGE_LOOP('',(#922,#923,#924,#925));
#184=EDGE_LOOP('',(#926,#927,#928,#929));
#185=EDGE_LOOP('',(#930,#931,#932,#933));
#186=EDGE_LOOP('',(#934,#935,#936,#937));
#187=EDGE_LOOP('',(#938,#939,#940,#941));
#188=EDGE_LOOP('',(#942,#943,#944,#945));
#189=EDGE_LOOP('',(#946,#947,#948,#949));
#190=EDGE_LOOP('',(#950,#951,#952,#953));
#191=EDGE_LOOP('',(#954,#955,#956,#957));
#192=EDGE_LOOP('',(#958,#959,#960,#961));
#193=EDGE_LOOP('',(#962,#963,#964,#965));
#194=EDGE_LOOP('',(#966,#967,#968,#969,#970,#971,#972,#973));
#195=EDGE_LOOP('',(#974,#975,#976,#977));
#196=EDGE_LOOP('',(#978));
#197=EDGE_LOOP('',(#979));
#198=EDGE_LOOP('',(#980,#981,#982,#983));
#199=EDGE_LOOP('',(#984));
#200=EDGE_LOOP('',(#985));
#201=EDGE_LOOP('',(#986));
#202=EDGE_LOOP('',(#987,#988,#989,#990));
#203=EDGE_LOOP('',(#991));
#204=EDGE_LOOP('',(#992));
#205=EDGE_LOOP('',(#993));
#206=EDGE_LOOP('',(#994,#995,#996,#997));
#207=EDGE_LOOP('',(#998));
#208=EDGE_LOOP('',(#999));
#209=EDGE_LOOP('',(#1000));
#210=EDGE_LOOP('',(#1001,#1002,#1003,#1004,#1005,#1006,#1007,#1008,#1009,
#1010,#1011,#1012));
#211=EDGE_LOOP('',(#1013));
#212=EDGE_LOOP('',(#1014));
#213=EDGE_LOOP('',(#1015));
#214=EDGE_LOOP('',(#1016));
#215=EDGE_LOOP('',(#1017,#1018,#1019,#1020));
#216=EDGE_LOOP('',(#1021,#1022,#1023,#1024));
#217=EDGE_LOOP('',(#1025,#1026,#1027,#1028));
#218=EDGE_LOOP('',(#1029,#1030,#1031,#1032));
#219=EDGE_LOOP('',(#1033,#1034,#1035,#1036,#1037,#1038,#1039,#1040));
#220=EDGE_LOOP('',(#1041));
#221=EDGE_LOOP('',(#1042));
#222=EDGE_LOOP('',(#1043));
#223=EDGE_LOOP('',(#1044));
#224=EDGE_LOOP('',(#1045,#1046,#1047,#1048,#1049));
#225=EDGE_LOOP('',(#1050,#1051,#1052,#1053,#1054));
#226=EDGE_LOOP('',(#1055));
#227=EDGE_LOOP('',(#1056,#1057,#1058,#1059));
#228=EDGE_LOOP('',(#1060,#1061,#1062,#1063));
#229=EDGE_LOOP('',(#1064,#1065,#1066,#1067));
#230=EDGE_LOOP('',(#1068,#1069,#1070,#1071));
#231=EDGE_LOOP('',(#1072,#1073,#1074,#1075));
#232=EDGE_LOOP('',(#1076,#1077,#1078,#1079));
#233=EDGE_LOOP('',(#1080,#1081,#1082,#1083,#1084,#1085,#1086,#1087));
#234=EDGE_LOOP('',(#1088,#1089,#1090,#1091));
#235=EDGE_LOOP('',(#1092,#1093,#1094,#1095));
#236=EDGE_LOOP('',(#1096,#1097,#1098,#1099));
#237=EDGE_LOOP('',(#1100,#1101,#1102,#1103,#1104,#1105,#1106,#1107));
#238=EDGE_LOOP('',(#1108));
#239=EDGE_LOOP('',(#1109));
#240=EDGE_LOOP('',(#1110));
#241=EDGE_LOOP('',(#1111));
#242=EDGE_LOOP('',(#1112));
#243=EDGE_LOOP('',(#1113));
#244=EDGE_LOOP('',(#1114,#1115,#1116,#1117,#1118,#1119,#1120,#1121));
#245=LINE('',#1791,#330);
#246=LINE('',#1797,#331);
#247=LINE('',#1803,#332);
#248=LINE('',#1809,#333);
#249=LINE('',#1815,#334);
#250=LINE('',#1821,#335);
#251=LINE('',#1828,#336);
#252=LINE('',#1831,#337);
#253=LINE('',#1834,#338);
#254=LINE('',#1838,#339);
#255=LINE('',#1842,#340);
#256=LINE('',#1845,#341);
#257=LINE('',#1850,#342);
#258=LINE('',#1852,#343);
#259=LINE('',#1854,#344);
#260=LINE('',#1856,#345);
#261=LINE('',#1858,#346);
#262=LINE('',#1864,#347);
#263=LINE('',#1868,#348);
#264=LINE('',#1872,#349);
#265=LINE('',#1876,#350);
#266=LINE('',#1880,#351);
#267=LINE('',#1888,#352);
#268=LINE('',#1889,#353);
#269=LINE('',#1893,#354);
#270=LINE('',#1896,#355);
#271=LINE('',#1899,#356);
#272=LINE('',#1902,#357);
#273=LINE('',#1903,#358);
#274=LINE('',#1907,#359);
#275=LINE('',#1930,#360);
#276=LINE('',#1935,#361);
#277=LINE('',#1943,#362);
#278=LINE('',#1951,#363);
#279=LINE('',#1973,#364);
#280=LINE('',#1978,#365);
#281=LINE('',#1987,#366);
#282=LINE('',#1995,#367);
#283=LINE('',#2003,#368);
#284=LINE('',#2008,#369);
#285=LINE('',#2011,#370);
#286=LINE('',#2014,#371);
#287=LINE('',#2015,#372);
#288=LINE('',#2018,#373);
#289=LINE('',#2022,#374);
#290=LINE('',#2023,#375);
#291=LINE('',#2026,#376);
#292=LINE('',#2030,#377);
#293=LINE('',#2031,#378);
#294=LINE('',#2034,#379);
#295=LINE('',#2037,#380);
#296=LINE('',#2039,#381);
#297=LINE('',#2041,#382);
#298=LINE('',#2042,#383);
#299=LINE('',#2047,#384);
#300=LINE('',#2054,#385);
#301=LINE('',#2062,#386);
#302=LINE('',#2070,#387);
#303=LINE('',#2076,#388);
#304=LINE('',#2078,#389);
#305=LINE('',#2082,#390);
#306=LINE('',#2086,#391);
#307=LINE('',#2090,#392);
#308=LINE('',#2094,#393);
#309=LINE('',#2095,#394);
#310=LINE('',#2107,#395);
#311=LINE('',#2111,#396);
#312=LINE('',#2115,#397);
#313=LINE('',#2119,#398);
#314=LINE('',#2122,#399);
#315=LINE('',#2124,#400);
#316=LINE('',#2129,#401);
#317=LINE('',#2130,#402);
#318=LINE('',#2131,#403);
#319=LINE('',#2135,#404);
#320=LINE('',#2138,#405);
#321=LINE('',#2139,#406);
#322=LINE('',#2143,#407);
#323=LINE('',#2146,#408);
#324=LINE('',#2147,#409);
#325=LINE('',#2151,#410);
#326=LINE('',#2154,#411);
#327=LINE('',#2155,#412);
#328=LINE('',#2159,#413);
#329=LINE('',#2161,#414);
#330=VECTOR('',#1399,1.6);
#331=VECTOR('',#1406,1.6);
#332=VECTOR('',#1413,1.6);
#333=VECTOR('',#1420,1.6);
#334=VECTOR('',#1427,1.6);
#335=VECTOR('',#1434,1.6);
#336=VECTOR('',#1441,10.);
#337=VECTOR('',#1444,10.);
#338=VECTOR('',#1447,10.);
#339=VECTOR('',#1450,10.);
#340=VECTOR('',#1453,10.);
#341=VECTOR('',#1456,10.);
#342=VECTOR('',#1459,10.);
#343=VECTOR('',#1460,10.);
#344=VECTOR('',#1461,10.);
#345=VECTOR('',#1462,10.);
#346=VECTOR('',#1463,10.);
#347=VECTOR('',#1468,10.);
#348=VECTOR('',#1471,10.);
#349=VECTOR('',#1474,10.);
#350=VECTOR('',#1477,10.);
#351=VECTOR('',#1480,10.);
#352=VECTOR('',#1489,10.);
#353=VECTOR('',#1490,10.);
#354=VECTOR('',#1495,10.);
#355=VECTOR('',#1498,10.);
#356=VECTOR('',#1501,10.);
#357=VECTOR('',#1504,10.);
#358=VECTOR('',#1505,10.);
#359=VECTOR('',#1510,10.);
#360=VECTOR('',#1521,10.);
#361=VECTOR('',#1528,4.35);
#362=VECTOR('',#1539,4.35);
#363=VECTOR('',#1550,4.35);
#364=VECTOR('',#1561,4.35);
#365=VECTOR('',#1566,10.);
#366=VECTOR('',#1579,10.);
#367=VECTOR('',#1590,10.);
#368=VECTOR('',#1601,10.);
#369=VECTOR('',#1608,10.);
#370=VECTOR('',#1611,10.);
#371=VECTOR('',#1614,10.);
#372=VECTOR('',#1615,10.);
#373=VECTOR('',#1618,10.);
#374=VECTOR('',#1623,10.);
#375=VECTOR('',#1624,10.);
#376=VECTOR('',#1627,10.);
#377=VECTOR('',#1632,10.);
#378=VECTOR('',#1633,10.);
#379=VECTOR('',#1636,10.);
#380=VECTOR('',#1641,10.);
#381=VECTOR('',#1642,10.);
#382=VECTOR('',#1643,10.);
#383=VECTOR('',#1644,10.);
#384=VECTOR('',#1649,1.15);
#385=VECTOR('',#1658,1.15);
#386=VECTOR('',#1669,1.15);
#387=VECTOR('',#1680,1.15);
#388=VECTOR('',#1689,10.);
#389=VECTOR('',#1690,10.);
#390=VECTOR('',#1693,10.);
#391=VECTOR('',#1696,10.);
#392=VECTOR('',#1699,10.);
#393=VECTOR('',#1702,10.);
#394=VECTOR('',#1703,10.);
#395=VECTOR('',#1716,1.6);
#396=VECTOR('',#1721,1.6);
#397=VECTOR('',#1726,1.6);
#398=VECTOR('',#1731,1.6);
#399=VECTOR('',#1736,10.);
#400=VECTOR('',#1739,10.);
#401=VECTOR('',#1744,10.);
#402=VECTOR('',#1745,10.);
#403=VECTOR('',#1746,10.);
#404=VECTOR('',#1751,10.);
#405=VECTOR('',#1754,10.);
#406=VECTOR('',#1755,10.);
#407=VECTOR('',#1760,10.);
#408=VECTOR('',#1763,10.);
#409=VECTOR('',#1764,10.);
#410=VECTOR('',#1769,10.);
#411=VECTOR('',#1772,10.);
#412=VECTOR('',#1773,10.);
#413=VECTOR('',#1780,10.);
#414=VECTOR('',#1783,10.);
#415=CIRCLE('',#1241,1.6);
#416=CIRCLE('',#1242,1.6);
#417=CIRCLE('',#1244,1.6);
#418=CIRCLE('',#1245,1.6);
#419=CIRCLE('',#1247,1.6);
#420=CIRCLE('',#1248,1.6);
#421=CIRCLE('',#1250,1.6);
#422=CIRCLE('',#1251,1.6);
#423=CIRCLE('',#1253,1.6);
#424=CIRCLE('',#1254,1.6);
#425=CIRCLE('',#1256,1.6);
#426=CIRCLE('',#1257,1.6);
#427=CIRCLE('',#1259,5.);
#428=CIRCLE('',#1260,5.);
#429=CIRCLE('',#1262,5.);
#430=CIRCLE('',#1263,5.);
#431=CIRCLE('',#1264,5.);
#432=CIRCLE('',#1265,6.35);
#433=CIRCLE('',#1266,6.35);
#434=CIRCLE('',#1267,6.35);
#435=CIRCLE('',#1268,10.);
#436=CIRCLE('',#1269,10.);
#437=CIRCLE('',#1270,10.);
#438=CIRCLE('',#1271,10.);
#439=CIRCLE('',#1272,6.35);
#440=CIRCLE('',#1273,6.35);
#441=CIRCLE('',#1274,6.35);
#442=CIRCLE('',#1277,5.);
#443=CIRCLE('',#1279,5.);
#444=CIRCLE('',#1282,5.);
#445=CIRCLE('',#1284,4.35);
#446=CIRCLE('',#1285,2.);
#447=CIRCLE('',#1287,2.);
#448=CIRCLE('',#1288,2.);
#449=CIRCLE('',#1290,4.35);
#450=CIRCLE('',#1292,4.35);
#451=CIRCLE('',#1293,2.);
#452=CIRCLE('',#1295,4.35);
#453=CIRCLE('',#1297,4.35);
#454=CIRCLE('',#1298,2.);
#455=CIRCLE('',#1300,4.35);
#456=CIRCLE('',#1302,4.35);
#457=CIRCLE('',#1303,2.);
#458=CIRCLE('',#1305,4.35);
#459=CIRCLE('',#1307,2.);
#460=CIRCLE('',#1308,2.);
#461=CIRCLE('',#1310,2.);
#462=CIRCLE('',#1311,8.00000000000001);
#463=CIRCLE('',#1313,2.);
#464=CIRCLE('',#1315,1.99999999999999);
#465=CIRCLE('',#1316,8.00000000000001);
#466=CIRCLE('',#1318,2.);
#467=CIRCLE('',#1320,2.);
#468=CIRCLE('',#1321,8.00000000000001);
#469=CIRCLE('',#1323,2.);
#470=CIRCLE('',#1325,8.00000000000001);
#471=CIRCLE('',#1327,8.00000000000001);
#472=CIRCLE('',#1330,8.00000000000001);
#473=CIRCLE('',#1333,8.00000000000001);
#474=CIRCLE('',#1336,8.);
#475=CIRCLE('',#1339,1.15);
#476=CIRCLE('',#1340,1.15);
#477=CIRCLE('',#1343,1.15);
#478=CIRCLE('',#1344,1.15);
#479=CIRCLE('',#1348,1.15);
#480=CIRCLE('',#1349,1.15);
#481=CIRCLE('',#1353,1.15);
#482=CIRCLE('',#1354,1.15);
#483=CIRCLE('',#1358,5.50000000000001);
#484=CIRCLE('',#1359,5.50000000000001);
#485=CIRCLE('',#1360,5.50000000000001);
#486=CIRCLE('',#1361,5.50000000000001);
#487=CIRCLE('',#1362,1.6);
#488=CIRCLE('',#1363,1.6);
#489=CIRCLE('',#1364,1.6);
#490=CIRCLE('',#1365,1.6);
#491=CIRCLE('',#1367,1.6);
#492=CIRCLE('',#1369,1.6);
#493=CIRCLE('',#1371,1.6);
#494=CIRCLE('',#1373,1.6);
#495=CIRCLE('',#1380,5.5);
#496=CIRCLE('',#1383,5.5);
#497=CIRCLE('',#1386,5.5);
#498=CIRCLE('',#1389,5.5);
#499=VERTEX_POINT('',#1788);
#500=VERTEX_POINT('',#1790);
#501=VERTEX_POINT('',#1794);
#502=VERTEX_POINT('',#1796);
#503=VERTEX_POINT('',#1800);
#504=VERTEX_POINT('',#1802);
#505=VERTEX_POINT('',#1806);
#506=VERTEX_POINT('',#1808);
#507=VERTEX_POINT('',#1812);
#508=VERTEX_POINT('',#1814);
#509=VERTEX_POINT('',#1818);
#510=VERTEX_POINT('',#1820);
#511=VERTEX_POINT('',#1824);
#512=VERTEX_POINT('',#1825);
#513=VERTEX_POINT('',#1827);
#514=VERTEX_POINT('',#1829);
#515=VERTEX_POINT('',#1833);
#516=VERTEX_POINT('',#1835);
#517=VERTEX_POINT('',#1837);
#518=VERTEX_POINT('',#1839);
#519=VERTEX_POINT('',#1841);
#520=VERTEX_POINT('',#1843);
#521=VERTEX_POINT('',#1846);
#522=VERTEX_POINT('',#1847);
#523=VERTEX_POINT('',#1849);
#524=VERTEX_POINT('',#1851);
#525=VERTEX_POINT('',#1853);
#526=VERTEX_POINT('',#1855);
#527=VERTEX_POINT('',#1857);
#528=VERTEX_POINT('',#1859);
#529=VERTEX_POINT('',#1861);
#530=VERTEX_POINT('',#1863);
#531=VERTEX_POINT('',#1865);
#532=VERTEX_POINT('',#1867);
#533=VERTEX_POINT('',#1869);
#534=VERTEX_POINT('',#1871);
#535=VERTEX_POINT('',#1873);
#536=VERTEX_POINT('',#1875);
#537=VERTEX_POINT('',#1877);
#538=VERTEX_POINT('',#1879);
#539=VERTEX_POINT('',#1882);
#540=VERTEX_POINT('',#1884);
#541=VERTEX_POINT('',#1887);
#542=VERTEX_POINT('',#1891);
#543=VERTEX_POINT('',#1895);
#544=VERTEX_POINT('',#1897);
#545=VERTEX_POINT('',#1901);
#546=VERTEX_POINT('',#1905);
#547=VERTEX_POINT('',#1909);
#548=VERTEX_POINT('',#1927);
#549=VERTEX_POINT('',#1929);
#550=VERTEX_POINT('',#1933);
#551=VERTEX_POINT('',#1937);
#552=VERTEX_POINT('',#1941);
#553=VERTEX_POINT('',#1945);
#554=VERTEX_POINT('',#1949);
#555=VERTEX_POINT('',#1953);
#556=VERTEX_POINT('',#1971);
#557=VERTEX_POINT('',#1975);
#558=VERTEX_POINT('',#1977);
#559=VERTEX_POINT('',#1981);
#560=VERTEX_POINT('',#1985);
#561=VERTEX_POINT('',#1989);
#562=VERTEX_POINT('',#1993);
#563=VERTEX_POINT('',#1997);
#564=VERTEX_POINT('',#2001);
#565=VERTEX_POINT('',#2007);
#566=VERTEX_POINT('',#2009);
#567=VERTEX_POINT('',#2013);
#568=VERTEX_POINT('',#2017);
#569=VERTEX_POINT('',#2021);
#570=VERTEX_POINT('',#2025);
#571=VERTEX_POINT('',#2029);
#572=VERTEX_POINT('',#2033);
#573=VERTEX_POINT('',#2038);
#574=VERTEX_POINT('',#2040);
#575=VERTEX_POINT('',#2044);
#576=VERTEX_POINT('',#2046);
#577=VERTEX_POINT('',#2051);
#578=VERTEX_POINT('',#2053);
#579=VERTEX_POINT('',#2059);
#580=VERTEX_POINT('',#2061);
#581=VERTEX_POINT('',#2067);
#582=VERTEX_POINT('',#2069);
#583=VERTEX_POINT('',#2075);
#584=VERTEX_POINT('',#2077);
#585=VERTEX_POINT('',#2079);
#586=VERTEX_POINT('',#2081);
#587=VERTEX_POINT('',#2083);
#588=VERTEX_POINT('',#2085);
#589=VERTEX_POINT('',#2087);
#590=VERTEX_POINT('',#2089);
#591=VERTEX_POINT('',#2091);
#592=VERTEX_POINT('',#2093);
#593=VERTEX_POINT('',#2096);
#594=VERTEX_POINT('',#2098);
#595=VERTEX_POINT('',#2100);
#596=VERTEX_POINT('',#2102);
#597=VERTEX_POINT('',#2105);
#598=VERTEX_POINT('',#2109);
#599=VERTEX_POINT('',#2113);
#600=VERTEX_POINT('',#2117);
#601=VERTEX_POINT('',#2127);
#602=VERTEX_POINT('',#2128);
#603=VERTEX_POINT('',#2133);
#604=VERTEX_POINT('',#2137);
#605=VERTEX_POINT('',#2141);
#606=VERTEX_POINT('',#2145);
#607=VERTEX_POINT('',#2149);
#608=VERTEX_POINT('',#2153);
#609=EDGE_CURVE('',#499,#499,#415,.T.);
#610=EDGE_CURVE('',#499,#500,#245,.T.);
#611=EDGE_CURVE('',#500,#500,#416,.T.);
#612=EDGE_CURVE('',#501,#501,#417,.T.);
#613=EDGE_CURVE('',#501,#502,#246,.T.);
#614=EDGE_CURVE('',#502,#502,#418,.T.);
#615=EDGE_CURVE('',#503,#503,#419,.T.);
#616=EDGE_CURVE('',#503,#504,#247,.T.);
#617=EDGE_CURVE('',#504,#504,#420,.T.);
#618=EDGE_CURVE('',#505,#505,#421,.T.);
#619=EDGE_CURVE('',#505,#506,#248,.T.);
#620=EDGE_CURVE('',#506,#506,#422,.T.);
#621=EDGE_CURVE('',#507,#507,#423,.T.);
#622=EDGE_CURVE('',#507,#508,#249,.T.);
#623=EDGE_CURVE('',#508,#508,#424,.T.);
#624=EDGE_CURVE('',#509,#509,#425,.T.);
#625=EDGE_CURVE('',#509,#510,#250,.T.);
#626=EDGE_CURVE('',#510,#510,#426,.T.);
#627=EDGE_CURVE('',#511,#512,#427,.T.);
#628=EDGE_CURVE('',#512,#513,#251,.T.);
#629=EDGE_CURVE('',#513,#514,#428,.T.);
#630=EDGE_CURVE('',#514,#511,#252,.T.);
#631=EDGE_CURVE('',#511,#515,#253,.T.);
#632=EDGE_CURVE('',#516,#515,#429,.T.);
#633=EDGE_CURVE('',#516,#517,#254,.T.);
#634=EDGE_CURVE('',#518,#517,#430,.T.);
#635=EDGE_CURVE('',#518,#519,#255,.T.);
#636=EDGE_CURVE('',#520,#519,#431,.T.);
#637=EDGE_CURVE('',#520,#512,#256,.T.);
#638=EDGE_CURVE('',#521,#522,#432,.T.);
#639=EDGE_CURVE('',#523,#521,#257,.T.);
#640=EDGE_CURVE('',#523,#524,#258,.T.);
#641=EDGE_CURVE('',#524,#525,#259,.T.);
#642=EDGE_CURVE('',#525,#526,#260,.T.);
#643=EDGE_CURVE('',#527,#526,#261,.T.);
#644=EDGE_CURVE('',#528,#527,#433,.T.);
#645=EDGE_CURVE('',#529,#528,#434,.T.);
#646=EDGE_CURVE('',#530,#529,#262,.T.);
#647=EDGE_CURVE('',#531,#530,#435,.T.);
#648=EDGE_CURVE('',#532,#531,#263,.T.);
#649=EDGE_CURVE('',#533,#532,#436,.T.);
#650=EDGE_CURVE('',#534,#533,#264,.T.);
#651=EDGE_CURVE('',#535,#534,#437,.T.);
#652=EDGE_CURVE('',#536,#535,#265,.T.);
#653=EDGE_CURVE('',#537,#536,#438,.T.);
#654=EDGE_CURVE('',#538,#537,#266,.T.);
#655=EDGE_CURVE('',#522,#538,#439,.T.);
#656=EDGE_CURVE('',#539,#539,#440,.T.);
#657=EDGE_CURVE('',#540,#540,#441,.T.);
#658=EDGE_CURVE('',#541,#514,#267,.T.);
#659=EDGE_CURVE('',#515,#541,#268,.T.);
#660=EDGE_CURVE('',#541,#542,#442,.T.);
#661=EDGE_CURVE('',#542,#516,#269,.T.);
#662=EDGE_CURVE('',#517,#543,#270,.T.);
#663=EDGE_CURVE('',#543,#544,#443,.T.);
#664=EDGE_CURVE('',#544,#518,#271,.T.);
#665=EDGE_CURVE('',#545,#544,#272,.T.);
#666=EDGE_CURVE('',#519,#545,#273,.T.);
#667=EDGE_CURVE('',#545,#546,#444,.T.);
#668=EDGE_CURVE('',#546,#520,#274,.T.);
#669=EDGE_CURVE('',#547,#547,#445,.T.);
#670=EDGE_CURVE('',#547,#522,#446,.T.);
#671=EDGE_CURVE('',#521,#538,#15,.T.);
#672=EDGE_CURVE('',#548,#537,#447,.T.);
#673=EDGE_CURVE('',#548,#549,#275,.T.);
#674=EDGE_CURVE('',#549,#523,#448,.T.);
#675=EDGE_CURVE('',#550,#550,#449,.T.);
#676=EDGE_CURVE('',#550,#547,#276,.T.);
#677=EDGE_CURVE('',#551,#551,#450,.T.);
#678=EDGE_CURVE('',#551,#540,#451,.T.);
#679=EDGE_CURVE('',#552,#552,#452,.T.);
#680=EDGE_CURVE('',#552,#551,#277,.T.);
#681=EDGE_CURVE('',#553,#553,#453,.T.);
#682=EDGE_CURVE('',#553,#539,#454,.T.);
#683=EDGE_CURVE('',#554,#554,#455,.T.);
#684=EDGE_CURVE('',#554,#553,#278,.T.);
#685=EDGE_CURVE('',#555,#555,#456,.T.);
#686=EDGE_CURVE('',#555,#528,#457,.T.);
#687=EDGE_CURVE('',#529,#527,#16,.T.);
#688=EDGE_CURVE('',#556,#556,#458,.T.);
#689=EDGE_CURVE('',#556,#555,#279,.T.);
#690=EDGE_CURVE('',#526,#557,#459,.T.);
#691=EDGE_CURVE('',#557,#558,#280,.T.);
#692=EDGE_CURVE('',#558,#530,#460,.T.);
#693=EDGE_CURVE('',#559,#531,#461,.T.);
#694=EDGE_CURVE('',#558,#559,#462,.T.);
#695=EDGE_CURVE('',#560,#532,#463,.T.);
#696=EDGE_CURVE('',#559,#560,#281,.T.);
#697=EDGE_CURVE('',#561,#533,#464,.T.);
#698=EDGE_CURVE('',#560,#561,#465,.T.);
#699=EDGE_CURVE('',#562,#534,#466,.T.);
#700=EDGE_CURVE('',#561,#562,#282,.T.);
#701=EDGE_CURVE('',#563,#535,#467,.T.);
#702=EDGE_CURVE('',#562,#563,#468,.T.);
#703=EDGE_CURVE('',#564,#536,#469,.T.);
#704=EDGE_CURVE('',#563,#564,#283,.T.);
#705=EDGE_CURVE('',#564,#548,#470,.T.);
#706=EDGE_CURVE('',#564,#565,#284,.T.);
#707=EDGE_CURVE('',#566,#565,#471,.T.);
#708=EDGE_CURVE('',#548,#566,#285,.T.);
#709=EDGE_CURVE('',#563,#567,#286,.T.);
#710=EDGE_CURVE('',#565,#567,#287,.T.);
#711=EDGE_CURVE('',#562,#568,#288,.T.);
#712=EDGE_CURVE('',#567,#568,#472,.T.);
#713=EDGE_CURVE('',#561,#569,#289,.T.);
#714=EDGE_CURVE('',#568,#569,#290,.T.);
#715=EDGE_CURVE('',#560,#570,#291,.T.);
#716=EDGE_CURVE('',#569,#570,#473,.T.);
#717=EDGE_CURVE('',#559,#571,#292,.T.);
#718=EDGE_CURVE('',#570,#571,#293,.T.);
#719=EDGE_CURVE('',#558,#572,#294,.T.);
#720=EDGE_CURVE('',#571,#572,#474,.T.);
#721=EDGE_CURVE('',#572,#566,#295,.T.);
#722=EDGE_CURVE('',#557,#573,#296,.T.);
#723=EDGE_CURVE('',#573,#574,#297,.T.);
#724=EDGE_CURVE('',#549,#574,#298,.T.);
#725=EDGE_CURVE('',#575,#575,#475,.T.);
#726=EDGE_CURVE('',#575,#576,#299,.T.);
#727=EDGE_CURVE('',#576,#576,#476,.T.);
#728=EDGE_CURVE('',#577,#577,#477,.T.);
#729=EDGE_CURVE('',#577,#578,#300,.T.);
#730=EDGE_CURVE('',#578,#578,#478,.T.);
#731=EDGE_CURVE('',#579,#579,#479,.T.);
#732=EDGE_CURVE('',#579,#580,#301,.T.);
#733=EDGE_CURVE('',#580,#580,#480,.T.);
#734=EDGE_CURVE('',#581,#581,#481,.T.);
#735=EDGE_CURVE('',#581,#582,#302,.T.);
#736=EDGE_CURVE('',#582,#582,#482,.T.);
#737=EDGE_CURVE('',#573,#583,#303,.T.);
#738=EDGE_CURVE('',#583,#584,#304,.T.);
#739=EDGE_CURVE('',#584,#585,#483,.T.);
#740=EDGE_CURVE('',#585,#586,#305,.T.);
#741=EDGE_CURVE('',#586,#587,#484,.T.);
#742=EDGE_CURVE('',#587,#588,#306,.T.);
#743=EDGE_CURVE('',#588,#589,#485,.T.);
#744=EDGE_CURVE('',#589,#590,#307,.T.);
#745=EDGE_CURVE('',#590,#591,#486,.T.);
#746=EDGE_CURVE('',#591,#592,#308,.T.);
#747=EDGE_CURVE('',#592,#574,#309,.T.);
#748=EDGE_CURVE('',#593,#593,#487,.T.);
#749=EDGE_CURVE('',#594,#594,#488,.T.);
#750=EDGE_CURVE('',#595,#595,#489,.T.);
#751=EDGE_CURVE('',#596,#596,#490,.T.);
#752=EDGE_CURVE('',#597,#597,#491,.T.);
#753=EDGE_CURVE('',#597,#593,#310,.T.);
#754=EDGE_CURVE('',#598,#598,#492,.T.);
#755=EDGE_CURVE('',#598,#594,#311,.T.);
#756=EDGE_CURVE('',#599,#599,#493,.T.);
#757=EDGE_CURVE('',#599,#595,#312,.T.);
#758=EDGE_CURVE('',#600,#600,#494,.T.);
#759=EDGE_CURVE('',#600,#596,#313,.T.);
#760=EDGE_CURVE('',#524,#592,#314,.T.);
#761=EDGE_CURVE('',#525,#583,#315,.T.);
#762=EDGE_CURVE('',#601,#602,#316,.T.);
#763=EDGE_CURVE('',#601,#590,#317,.T.);
#764=EDGE_CURVE('',#602,#589,#318,.T.);
#765=EDGE_CURVE('',#602,#603,#495,.T.);
#766=EDGE_CURVE('',#603,#588,#319,.T.);
#767=EDGE_CURVE('',#603,#604,#320,.T.);
#768=EDGE_CURVE('',#604,#587,#321,.T.);
#769=EDGE_CURVE('',#604,#605,#496,.T.);
#770=EDGE_CURVE('',#605,#586,#322,.T.);
#771=EDGE_CURVE('',#605,#606,#323,.T.);
#772=EDGE_CURVE('',#606,#585,#324,.T.);
#773=EDGE_CURVE('',#606,#607,#497,.T.);
#774=EDGE_CURVE('',#607,#584,#325,.T.);
#775=EDGE_CURVE('',#607,#608,#326,.T.);
#776=EDGE_CURVE('',#608,#591,#327,.T.);
#777=EDGE_CURVE('',#608,#601,#498,.T.);
#778=EDGE_CURVE('',#513,#546,#328,.T.);
#779=EDGE_CURVE('',#543,#542,#329,.T.);
#780=ORIENTED_EDGE('',*,*,#609,.F.);
#781=ORIENTED_EDGE('',*,*,#610,.T.);
#782=ORIENTED_EDGE('',*,*,#611,.F.);
#783=ORIENTED_EDGE('',*,*,#610,.F.);
#784=ORIENTED_EDGE('',*,*,#612,.F.);
#785=ORIENTED_EDGE('',*,*,#613,.T.);
#786=ORIENTED_EDGE('',*,*,#614,.F.);
#787=ORIENTED_EDGE('',*,*,#613,.F.);
#788=ORIENTED_EDGE('',*,*,#615,.F.);
#789=ORIENTED_EDGE('',*,*,#616,.T.);
#790=ORIENTED_EDGE('',*,*,#617,.F.);
#791=ORIENTED_EDGE('',*,*,#616,.F.);
#792=ORIENTED_EDGE('',*,*,#618,.F.);
#793=ORIENTED_EDGE('',*,*,#619,.T.);
#794=ORIENTED_EDGE('',*,*,#620,.F.);
#795=ORIENTED_EDGE('',*,*,#619,.F.);
#796=ORIENTED_EDGE('',*,*,#621,.F.);
#797=ORIENTED_EDGE('',*,*,#622,.T.);
#798=ORIENTED_EDGE('',*,*,#623,.F.);
#799=ORIENTED_EDGE('',*,*,#622,.F.);
#800=ORIENTED_EDGE('',*,*,#624,.F.);
#801=ORIENTED_EDGE('',*,*,#625,.T.);
#802=ORIENTED_EDGE('',*,*,#626,.F.);
#803=ORIENTED_EDGE('',*,*,#625,.F.);
#804=ORIENTED_EDGE('',*,*,#627,.T.);
#805=ORIENTED_EDGE('',*,*,#628,.T.);
#806=ORIENTED_EDGE('',*,*,#629,.T.);
#807=ORIENTED_EDGE('',*,*,#630,.T.);
#808=ORIENTED_EDGE('',*,*,#627,.F.);
#809=ORIENTED_EDGE('',*,*,#631,.T.);
#810=ORIENTED_EDGE('',*,*,#632,.F.);
#811=ORIENTED_EDGE('',*,*,#633,.T.);
#812=ORIENTED_EDGE('',*,*,#634,.F.);
#813=ORIENTED_EDGE('',*,*,#635,.T.);
#814=ORIENTED_EDGE('',*,*,#636,.F.);
#815=ORIENTED_EDGE('',*,*,#637,.T.);
#816=ORIENTED_EDGE('',*,*,#611,.T.);
#817=ORIENTED_EDGE('',*,*,#614,.T.);
#818=ORIENTED_EDGE('',*,*,#617,.T.);
#819=ORIENTED_EDGE('',*,*,#620,.T.);
#820=ORIENTED_EDGE('',*,*,#623,.T.);
#821=ORIENTED_EDGE('',*,*,#626,.T.);
#822=ORIENTED_EDGE('',*,*,#638,.F.);
#823=ORIENTED_EDGE('',*,*,#639,.F.);
#824=ORIENTED_EDGE('',*,*,#640,.T.);
#825=ORIENTED_EDGE('',*,*,#641,.T.);
#826=ORIENTED_EDGE('',*,*,#642,.T.);
#827=ORIENTED_EDGE('',*,*,#643,.F.);
#828=ORIENTED_EDGE('',*,*,#644,.F.);
#829=ORIENTED_EDGE('',*,*,#645,.F.);
#830=ORIENTED_EDGE('',*,*,#646,.F.);
#831=ORIENTED_EDGE('',*,*,#647,.F.);
#832=ORIENTED_EDGE('',*,*,#648,.F.);
#833=ORIENTED_EDGE('',*,*,#649,.F.);
#834=ORIENTED_EDGE('',*,*,#650,.F.);
#835=ORIENTED_EDGE('',*,*,#651,.F.);
#836=ORIENTED_EDGE('',*,*,#652,.F.);
#837=ORIENTED_EDGE('',*,*,#653,.F.);
#838=ORIENTED_EDGE('',*,*,#654,.F.);
#839=ORIENTED_EDGE('',*,*,#655,.F.);
#840=ORIENTED_EDGE('',*,*,#656,.F.);
#841=ORIENTED_EDGE('',*,*,#657,.F.);
#842=ORIENTED_EDGE('',*,*,#630,.F.);
#843=ORIENTED_EDGE('',*,*,#658,.F.);
#844=ORIENTED_EDGE('',*,*,#659,.F.);
#845=ORIENTED_EDGE('',*,*,#631,.F.);
#846=ORIENTED_EDGE('',*,*,#632,.T.);
#847=ORIENTED_EDGE('',*,*,#659,.T.);
#848=ORIENTED_EDGE('',*,*,#660,.T.);
#849=ORIENTED_EDGE('',*,*,#661,.T.);
#850=ORIENTED_EDGE('',*,*,#634,.T.);
#851=ORIENTED_EDGE('',*,*,#662,.T.);
#852=ORIENTED_EDGE('',*,*,#663,.T.);
#853=ORIENTED_EDGE('',*,*,#664,.T.);
#854=ORIENTED_EDGE('',*,*,#664,.F.);
#855=ORIENTED_EDGE('',*,*,#665,.F.);
#856=ORIENTED_EDGE('',*,*,#666,.F.);
#857=ORIENTED_EDGE('',*,*,#635,.F.);
#858=ORIENTED_EDGE('',*,*,#636,.T.);
#859=ORIENTED_EDGE('',*,*,#666,.T.);
#860=ORIENTED_EDGE('',*,*,#667,.T.);
#861=ORIENTED_EDGE('',*,*,#668,.T.);
#862=ORIENTED_EDGE('',*,*,#669,.T.);
#863=ORIENTED_EDGE('',*,*,#670,.T.);
#864=ORIENTED_EDGE('',*,*,#655,.T.);
#865=ORIENTED_EDGE('',*,*,#671,.F.);
#866=ORIENTED_EDGE('',*,*,#638,.T.);
#867=ORIENTED_EDGE('',*,*,#670,.F.);
#868=ORIENTED_EDGE('',*,*,#671,.T.);
#869=ORIENTED_EDGE('',*,*,#654,.T.);
#870=ORIENTED_EDGE('',*,*,#672,.F.);
#871=ORIENTED_EDGE('',*,*,#673,.T.);
#872=ORIENTED_EDGE('',*,*,#674,.T.);
#873=ORIENTED_EDGE('',*,*,#639,.T.);
#874=ORIENTED_EDGE('',*,*,#675,.F.);
#875=ORIENTED_EDGE('',*,*,#676,.T.);
#876=ORIENTED_EDGE('',*,*,#669,.F.);
#877=ORIENTED_EDGE('',*,*,#676,.F.);
#878=ORIENTED_EDGE('',*,*,#677,.T.);
#879=ORIENTED_EDGE('',*,*,#678,.T.);
#880=ORIENTED_EDGE('',*,*,#657,.T.);
#881=ORIENTED_EDGE('',*,*,#678,.F.);
#882=ORIENTED_EDGE('',*,*,#679,.F.);
#883=ORIENTED_EDGE('',*,*,#680,.T.);
#884=ORIENTED_EDGE('',*,*,#677,.F.);
#885=ORIENTED_EDGE('',*,*,#680,.F.);
#886=ORIENTED_EDGE('',*,*,#681,.T.);
#887=ORIENTED_EDGE('',*,*,#682,.T.);
#888=ORIENTED_EDGE('',*,*,#656,.T.);
#889=ORIENTED_EDGE('',*,*,#682,.F.);
#890=ORIENTED_EDGE('',*,*,#683,.F.);
#891=ORIENTED_EDGE('',*,*,#684,.T.);
#892=ORIENTED_EDGE('',*,*,#681,.F.);
#893=ORIENTED_EDGE('',*,*,#684,.F.);
#894=ORIENTED_EDGE('',*,*,#685,.T.);
#895=ORIENTED_EDGE('',*,*,#686,.T.);
#896=ORIENTED_EDGE('',*,*,#644,.T.);
#897=ORIENTED_EDGE('',*,*,#687,.F.);
#898=ORIENTED_EDGE('',*,*,#645,.T.);
#899=ORIENTED_EDGE('',*,*,#686,.F.);
#900=ORIENTED_EDGE('',*,*,#688,.F.);
#901=ORIENTED_EDGE('',*,*,#689,.T.);
#902=ORIENTED_EDGE('',*,*,#685,.F.);
#903=ORIENTED_EDGE('',*,*,#689,.F.);
#904=ORIENTED_EDGE('',*,*,#687,.T.);
#905=ORIENTED_EDGE('',*,*,#643,.T.);
#906=ORIENTED_EDGE('',*,*,#690,.T.);
#907=ORIENTED_EDGE('',*,*,#691,.T.);
#908=ORIENTED_EDGE('',*,*,#692,.T.);
#909=ORIENTED_EDGE('',*,*,#646,.T.);
#910=ORIENTED_EDGE('',*,*,#693,.T.);
#911=ORIENTED_EDGE('',*,*,#647,.T.);
#912=ORIENTED_EDGE('',*,*,#692,.F.);
#913=ORIENTED_EDGE('',*,*,#694,.T.);
#914=ORIENTED_EDGE('',*,*,#695,.T.);
#915=ORIENTED_EDGE('',*,*,#648,.T.);
#916=ORIENTED_EDGE('',*,*,#693,.F.);
#917=ORIENTED_EDGE('',*,*,#696,.T.);
#918=ORIENTED_EDGE('',*,*,#697,.T.);
#919=ORIENTED_EDGE('',*,*,#649,.T.);
#920=ORIENTED_EDGE('',*,*,#695,.F.);
#921=ORIENTED_EDGE('',*,*,#698,.T.);
#922=ORIENTED_EDGE('',*,*,#699,.T.);
#923=ORIENTED_EDGE('',*,*,#650,.T.);
#924=ORIENTED_EDGE('',*,*,#697,.F.);
#925=ORIENTED_EDGE('',*,*,#700,.T.);
#926=ORIENTED_EDGE('',*,*,#701,.T.);
#927=ORIENTED_EDGE('',*,*,#651,.T.);
#928=ORIENTED_EDGE('',*,*,#699,.F.);
#929=ORIENTED_EDGE('',*,*,#702,.T.);
#930=ORIENTED_EDGE('',*,*,#703,.T.);
#931=ORIENTED_EDGE('',*,*,#652,.T.);
#932=ORIENTED_EDGE('',*,*,#701,.F.);
#933=ORIENTED_EDGE('',*,*,#704,.T.);
#934=ORIENTED_EDGE('',*,*,#672,.T.);
#935=ORIENTED_EDGE('',*,*,#653,.T.);
#936=ORIENTED_EDGE('',*,*,#703,.F.);
#937=ORIENTED_EDGE('',*,*,#705,.T.);
#938=ORIENTED_EDGE('',*,*,#705,.F.);
#939=ORIENTED_EDGE('',*,*,#706,.T.);
#940=ORIENTED_EDGE('',*,*,#707,.F.);
#941=ORIENTED_EDGE('',*,*,#708,.F.);
#942=ORIENTED_EDGE('',*,*,#704,.F.);
#943=ORIENTED_EDGE('',*,*,#709,.T.);
#944=ORIENTED_EDGE('',*,*,#710,.F.);
#945=ORIENTED_EDGE('',*,*,#706,.F.);
#946=ORIENTED_EDGE('',*,*,#702,.F.);
#947=ORIENTED_EDGE('',*,*,#711,.T.);
#948=ORIENTED_EDGE('',*,*,#712,.F.);
#949=ORIENTED_EDGE('',*,*,#709,.F.);
#950=ORIENTED_EDGE('',*,*,#700,.F.);
#951=ORIENTED_EDGE('',*,*,#713,.T.);
#952=ORIENTED_EDGE('',*,*,#714,.F.);
#953=ORIENTED_EDGE('',*,*,#711,.F.);
#954=ORIENTED_EDGE('',*,*,#698,.F.);
#955=ORIENTED_EDGE('',*,*,#715,.T.);
#956=ORIENTED_EDGE('',*,*,#716,.F.);
#957=ORIENTED_EDGE('',*,*,#713,.F.);
#958=ORIENTED_EDGE('',*,*,#696,.F.);
#959=ORIENTED_EDGE('',*,*,#717,.T.);
#960=ORIENTED_EDGE('',*,*,#718,.F.);
#961=ORIENTED_EDGE('',*,*,#715,.F.);
#962=ORIENTED_EDGE('',*,*,#694,.F.);
#963=ORIENTED_EDGE('',*,*,#719,.T.);
#964=ORIENTED_EDGE('',*,*,#720,.F.);
#965=ORIENTED_EDGE('',*,*,#717,.F.);
#966=ORIENTED_EDGE('',*,*,#673,.F.);
#967=ORIENTED_EDGE('',*,*,#708,.T.);
#968=ORIENTED_EDGE('',*,*,#721,.F.);
#969=ORIENTED_EDGE('',*,*,#719,.F.);
#970=ORIENTED_EDGE('',*,*,#691,.F.);
#971=ORIENTED_EDGE('',*,*,#722,.T.);
#972=ORIENTED_EDGE('',*,*,#723,.T.);
#973=ORIENTED_EDGE('',*,*,#724,.F.);
#974=ORIENTED_EDGE('',*,*,#725,.F.);
#975=ORIENTED_EDGE('',*,*,#726,.T.);
#976=ORIENTED_EDGE('',*,*,#727,.F.);
#977=ORIENTED_EDGE('',*,*,#726,.F.);
#978=ORIENTED_EDGE('',*,*,#679,.T.);
#979=ORIENTED_EDGE('',*,*,#725,.T.);
#980=ORIENTED_EDGE('',*,*,#728,.F.);
#981=ORIENTED_EDGE('',*,*,#729,.T.);
#982=ORIENTED_EDGE('',*,*,#730,.F.);
#983=ORIENTED_EDGE('',*,*,#729,.F.);
#984=ORIENTED_EDGE('',*,*,#688,.T.);
#985=ORIENTED_EDGE('',*,*,#728,.T.);
#986=ORIENTED_EDGE('',*,*,#727,.T.);
#987=ORIENTED_EDGE('',*,*,#731,.F.);
#988=ORIENTED_EDGE('',*,*,#732,.T.);
#989=ORIENTED_EDGE('',*,*,#733,.F.);
#990=ORIENTED_EDGE('',*,*,#732,.F.);
#991=ORIENTED_EDGE('',*,*,#675,.T.);
#992=ORIENTED_EDGE('',*,*,#731,.T.);
#993=ORIENTED_EDGE('',*,*,#730,.T.);
#994=ORIENTED_EDGE('',*,*,#734,.F.);
#995=ORIENTED_EDGE('',*,*,#735,.T.);
#996=ORIENTED_EDGE('',*,*,#736,.F.);
#997=ORIENTED_EDGE('',*,*,#735,.F.);
#998=ORIENTED_EDGE('',*,*,#683,.T.);
#999=ORIENTED_EDGE('',*,*,#734,.T.);
#1000=ORIENTED_EDGE('',*,*,#733,.T.);
#1001=ORIENTED_EDGE('',*,*,#737,.T.);
#1002=ORIENTED_EDGE('',*,*,#738,.T.);
#1003=ORIENTED_EDGE('',*,*,#739,.T.);
#1004=ORIENTED_EDGE('',*,*,#740,.T.);
#1005=ORIENTED_EDGE('',*,*,#741,.T.);
#1006=ORIENTED_EDGE('',*,*,#742,.T.);
#1007=ORIENTED_EDGE('',*,*,#743,.T.);
#1008=ORIENTED_EDGE('',*,*,#744,.T.);
#1009=ORIENTED_EDGE('',*,*,#745,.T.);
#1010=ORIENTED_EDGE('',*,*,#746,.T.);
#1011=ORIENTED_EDGE('',*,*,#747,.T.);
#1012=ORIENTED_EDGE('',*,*,#723,.F.);
#1013=ORIENTED_EDGE('',*,*,#748,.F.);
#1014=ORIENTED_EDGE('',*,*,#749,.F.);
#1015=ORIENTED_EDGE('',*,*,#750,.F.);
#1016=ORIENTED_EDGE('',*,*,#751,.F.);
#1017=ORIENTED_EDGE('',*,*,#752,.F.);
#1018=ORIENTED_EDGE('',*,*,#753,.T.);
#1019=ORIENTED_EDGE('',*,*,#748,.T.);
#1020=ORIENTED_EDGE('',*,*,#753,.F.);
#1021=ORIENTED_EDGE('',*,*,#754,.F.);
#1022=ORIENTED_EDGE('',*,*,#755,.T.);
#1023=ORIENTED_EDGE('',*,*,#749,.T.);
#1024=ORIENTED_EDGE('',*,*,#755,.F.);
#1025=ORIENTED_EDGE('',*,*,#756,.F.);
#1026=ORIENTED_EDGE('',*,*,#757,.T.);
#1027=ORIENTED_EDGE('',*,*,#750,.T.);
#1028=ORIENTED_EDGE('',*,*,#757,.F.);
#1029=ORIENTED_EDGE('',*,*,#758,.F.);
#1030=ORIENTED_EDGE('',*,*,#759,.T.);
#1031=ORIENTED_EDGE('',*,*,#751,.T.);
#1032=ORIENTED_EDGE('',*,*,#759,.F.);
#1033=ORIENTED_EDGE('',*,*,#721,.T.);
#1034=ORIENTED_EDGE('',*,*,#707,.T.);
#1035=ORIENTED_EDGE('',*,*,#710,.T.);
#1036=ORIENTED_EDGE('',*,*,#712,.T.);
#1037=ORIENTED_EDGE('',*,*,#714,.T.);
#1038=ORIENTED_EDGE('',*,*,#716,.T.);
#1039=ORIENTED_EDGE('',*,*,#718,.T.);
#1040=ORIENTED_EDGE('',*,*,#720,.T.);
#1041=ORIENTED_EDGE('',*,*,#758,.T.);
#1042=ORIENTED_EDGE('',*,*,#756,.T.);
#1043=ORIENTED_EDGE('',*,*,#754,.T.);
#1044=ORIENTED_EDGE('',*,*,#752,.T.);
#1045=ORIENTED_EDGE('',*,*,#640,.F.);
#1046=ORIENTED_EDGE('',*,*,#674,.F.);
#1047=ORIENTED_EDGE('',*,*,#724,.T.);
#1048=ORIENTED_EDGE('',*,*,#747,.F.);
#1049=ORIENTED_EDGE('',*,*,#760,.F.);
#1050=ORIENTED_EDGE('',*,*,#642,.F.);
#1051=ORIENTED_EDGE('',*,*,#761,.T.);
#1052=ORIENTED_EDGE('',*,*,#737,.F.);
#1053=ORIENTED_EDGE('',*,*,#722,.F.);
#1054=ORIENTED_EDGE('',*,*,#690,.F.);
#1055=ORIENTED_EDGE('',*,*,#736,.T.);
#1056=ORIENTED_EDGE('',*,*,#762,.F.);
#1057=ORIENTED_EDGE('',*,*,#763,.T.);
#1058=ORIENTED_EDGE('',*,*,#744,.F.);
#1059=ORIENTED_EDGE('',*,*,#764,.F.);
#1060=ORIENTED_EDGE('',*,*,#765,.F.);
#1061=ORIENTED_EDGE('',*,*,#764,.T.);
#1062=ORIENTED_EDGE('',*,*,#743,.F.);
#1063=ORIENTED_EDGE('',*,*,#766,.F.);
#1064=ORIENTED_EDGE('',*,*,#767,.F.);
#1065=ORIENTED_EDGE('',*,*,#766,.T.);
#1066=ORIENTED_EDGE('',*,*,#742,.F.);
#1067=ORIENTED_EDGE('',*,*,#768,.F.);
#1068=ORIENTED_EDGE('',*,*,#769,.F.);
#1069=ORIENTED_EDGE('',*,*,#768,.T.);
#1070=ORIENTED_EDGE('',*,*,#741,.F.);
#1071=ORIENTED_EDGE('',*,*,#770,.F.);
#1072=ORIENTED_EDGE('',*,*,#771,.F.);
#1073=ORIENTED_EDGE('',*,*,#770,.T.);
#1074=ORIENTED_EDGE('',*,*,#740,.F.);
#1075=ORIENTED_EDGE('',*,*,#772,.F.);
#1076=ORIENTED_EDGE('',*,*,#773,.F.);
#1077=ORIENTED_EDGE('',*,*,#772,.T.);
#1078=ORIENTED_EDGE('',*,*,#739,.F.);
#1079=ORIENTED_EDGE('',*,*,#774,.F.);
#1080=ORIENTED_EDGE('',*,*,#775,.F.);
#1081=ORIENTED_EDGE('',*,*,#774,.T.);
#1082=ORIENTED_EDGE('',*,*,#738,.F.);
#1083=ORIENTED_EDGE('',*,*,#761,.F.);
#1084=ORIENTED_EDGE('',*,*,#641,.F.);
#1085=ORIENTED_EDGE('',*,*,#760,.T.);
#1086=ORIENTED_EDGE('',*,*,#746,.F.);
#1087=ORIENTED_EDGE('',*,*,#776,.F.);
#1088=ORIENTED_EDGE('',*,*,#777,.F.);
#1089=ORIENTED_EDGE('',*,*,#776,.T.);
#1090=ORIENTED_EDGE('',*,*,#745,.F.);
#1091=ORIENTED_EDGE('',*,*,#763,.F.);
#1092=ORIENTED_EDGE('',*,*,#628,.F.);
#1093=ORIENTED_EDGE('',*,*,#637,.F.);
#1094=ORIENTED_EDGE('',*,*,#668,.F.);
#1095=ORIENTED_EDGE('',*,*,#778,.F.);
#1096=ORIENTED_EDGE('',*,*,#661,.F.);
#1097=ORIENTED_EDGE('',*,*,#779,.F.);
#1098=ORIENTED_EDGE('',*,*,#662,.F.);
#1099=ORIENTED_EDGE('',*,*,#633,.F.);
#1100=ORIENTED_EDGE('',*,*,#629,.F.);
#1101=ORIENTED_EDGE('',*,*,#778,.T.);
#1102=ORIENTED_EDGE('',*,*,#667,.F.);
#1103=ORIENTED_EDGE('',*,*,#665,.T.);
#1104=ORIENTED_EDGE('',*,*,#663,.F.);
#1105=ORIENTED_EDGE('',*,*,#779,.T.);
#1106=ORIENTED_EDGE('',*,*,#660,.F.);
#1107=ORIENTED_EDGE('',*,*,#658,.T.);
#1108=ORIENTED_EDGE('',*,*,#609,.T.);
#1109=ORIENTED_EDGE('',*,*,#612,.T.);
#1110=ORIENTED_EDGE('',*,*,#615,.T.);
#1111=ORIENTED_EDGE('',*,*,#618,.T.);
#1112=ORIENTED_EDGE('',*,*,#621,.T.);
#1113=ORIENTED_EDGE('',*,*,#624,.T.);
#1114=ORIENTED_EDGE('',*,*,#777,.T.);
#1115=ORIENTED_EDGE('',*,*,#762,.T.);
#1116=ORIENTED_EDGE('',*,*,#765,.T.);
#1117=ORIENTED_EDGE('',*,*,#767,.T.);
#1118=ORIENTED_EDGE('',*,*,#769,.T.);
#1119=ORIENTED_EDGE('',*,*,#771,.T.);
#1120=ORIENTED_EDGE('',*,*,#773,.T.);
#1121=ORIENTED_EDGE('',*,*,#775,.T.);
#1122=CYLINDRICAL_SURFACE('',#1240,1.6);
#1123=CYLINDRICAL_SURFACE('',#1243,1.6);
#1124=CYLINDRICAL_SURFACE('',#1246,1.6);
#1125=CYLINDRICAL_SURFACE('',#1249,1.6);
#1126=CYLINDRICAL_SURFACE('',#1252,1.6);
#1127=CYLINDRICAL_SURFACE('',#1255,1.6);
#1128=CYLINDRICAL_SURFACE('',#1258,5.);
#1129=CYLINDRICAL_SURFACE('',#1276,5.);
#1130=CYLINDRICAL_SURFACE('',#1278,5.);
#1131=CYLINDRICAL_SURFACE('',#1281,5.);
#1132=CYLINDRICAL_SURFACE('',#1286,2.);
#1133=CYLINDRICAL_SURFACE('',#1289,4.35);
#1134=CYLINDRICAL_SURFACE('',#1294,4.35);
#1135=CYLINDRICAL_SURFACE('',#1299,4.35);
#1136=CYLINDRICAL_SURFACE('',#1304,4.35);
#1137=CYLINDRICAL_SURFACE('',#1306,2.);
#1138=CYLINDRICAL_SURFACE('',#1312,2.);
#1139=CYLINDRICAL_SURFACE('',#1317,2.);
#1140=CYLINDRICAL_SURFACE('',#1322,2.);
#1141=CYLINDRICAL_SURFACE('',#1326,8.00000000000001);
#1142=CYLINDRICAL_SURFACE('',#1329,8.00000000000001);
#1143=CYLINDRICAL_SURFACE('',#1332,8.00000000000001);
#1144=CYLINDRICAL_SURFACE('',#1335,8.00000000000001);
#1145=CYLINDRICAL_SURFACE('',#1338,1.15);
#1146=CYLINDRICAL_SURFACE('',#1342,1.15);
#1147=CYLINDRICAL_SURFACE('',#1347,1.15);
#1148=CYLINDRICAL_SURFACE('',#1352,1.15);
#1149=CYLINDRICAL_SURFACE('',#1366,1.6);
#1150=CYLINDRICAL_SURFACE('',#1368,1.6);
#1151=CYLINDRICAL_SURFACE('',#1370,1.6);
#1152=CYLINDRICAL_SURFACE('',#1372,1.6);
#1153=CYLINDRICAL_SURFACE('',#1379,5.5);
#1154=CYLINDRICAL_SURFACE('',#1382,5.5);
#1155=CYLINDRICAL_SURFACE('',#1385,5.5);
#1156=CYLINDRICAL_SURFACE('',#1388,5.5);
#1157=ADVANCED_FACE('',(#79),#1122,.F.);
#1158=ADVANCED_FACE('',(#80),#1123,.F.);
#1159=ADVANCED_FACE('',(#81),#1124,.F.);
#1160=ADVANCED_FACE('',(#82),#1125,.F.);
#1161=ADVANCED_FACE('',(#83),#1126,.F.);
#1162=ADVANCED_FACE('',(#84),#1127,.F.);
#1163=ADVANCED_FACE('',(#85),#1128,.T.);
#1164=ADVANCED_FACE('',(#86,#25,#26,#27,#28,#29,#30,#31,#32,#33),#53,.F.);
#1165=ADVANCED_FACE('',(#87),#54,.T.);
#1166=ADVANCED_FACE('',(#88),#1129,.T.);
#1167=ADVANCED_FACE('',(#89),#1130,.T.);
#1168=ADVANCED_FACE('',(#90),#55,.T.);
#1169=ADVANCED_FACE('',(#91),#1131,.T.);
#1170=ADVANCED_FACE('',(#92),#17,.F.);
#1171=ADVANCED_FACE('',(#93),#1132,.F.);
#1172=ADVANCED_FACE('',(#94),#1133,.T.);
#1173=ADVANCED_FACE('',(#95),#18,.F.);
#1174=ADVANCED_FACE('',(#96),#1134,.T.);
#1175=ADVANCED_FACE('',(#97),#19,.F.);
#1176=ADVANCED_FACE('',(#98),#1135,.T.);
#1177=ADVANCED_FACE('',(#99),#20,.F.);
#1178=ADVANCED_FACE('',(#100),#1136,.T.);
#1179=ADVANCED_FACE('',(#101),#1137,.F.);
#1180=ADVANCED_FACE('',(#102),#21,.F.);
#1181=ADVANCED_FACE('',(#103),#1138,.F.);
#1182=ADVANCED_FACE('',(#104),#22,.F.);
#1183=ADVANCED_FACE('',(#105),#1139,.F.);
#1184=ADVANCED_FACE('',(#106),#23,.F.);
#1185=ADVANCED_FACE('',(#107),#1140,.F.);
#1186=ADVANCED_FACE('',(#108),#24,.F.);
#1187=ADVANCED_FACE('',(#109),#1141,.T.);
#1188=ADVANCED_FACE('',(#110),#56,.T.);
#1189=ADVANCED_FACE('',(#111),#1142,.T.);
#1190=ADVANCED_FACE('',(#112),#57,.T.);
#1191=ADVANCED_FACE('',(#113),#1143,.T.);
#1192=ADVANCED_FACE('',(#114),#58,.T.);
#1193=ADVANCED_FACE('',(#115),#1144,.T.);
#1194=ADVANCED_FACE('',(#116),#59,.T.);
#1195=ADVANCED_FACE('',(#117),#1145,.F.);
#1196=ADVANCED_FACE('',(#118,#34),#60,.T.);
#1197=ADVANCED_FACE('',(#119),#1146,.F.);
#1198=ADVANCED_FACE('',(#120,#35),#61,.T.);
#1199=ADVANCED_FACE('',(#121),#62,.F.);
#1200=ADVANCED_FACE('',(#122),#1147,.F.);
#1201=ADVANCED_FACE('',(#123,#36),#63,.T.);
#1202=ADVANCED_FACE('',(#124),#64,.F.);
#1203=ADVANCED_FACE('',(#125),#1148,.F.);
#1204=ADVANCED_FACE('',(#126,#37),#65,.T.);
#1205=ADVANCED_FACE('',(#127),#66,.F.);
#1206=ADVANCED_FACE('',(#128,#38,#39,#40,#41),#67,.F.);
#1207=ADVANCED_FACE('',(#129),#1149,.F.);
#1208=ADVANCED_FACE('',(#130),#1150,.F.);
#1209=ADVANCED_FACE('',(#131),#1151,.F.);
#1210=ADVANCED_FACE('',(#132),#1152,.F.);
#1211=ADVANCED_FACE('',(#133,#42,#43,#44,#45),#68,.T.);
#1212=ADVANCED_FACE('',(#134),#69,.T.);
#1213=ADVANCED_FACE('',(#135),#70,.T.);
#1214=ADVANCED_FACE('',(#136),#71,.F.);
#1215=ADVANCED_FACE('',(#137),#72,.T.);
#1216=ADVANCED_FACE('',(#138),#1153,.F.);
#1217=ADVANCED_FACE('',(#139),#73,.T.);
#1218=ADVANCED_FACE('',(#140),#1154,.F.);
#1219=ADVANCED_FACE('',(#141),#74,.T.);
#1220=ADVANCED_FACE('',(#142),#1155,.F.);
#1221=ADVANCED_FACE('',(#143),#75,.T.);
#1222=ADVANCED_FACE('',(#144),#1156,.F.);
#1223=ADVANCED_FACE('',(#145),#76,.T.);
#1224=ADVANCED_FACE('',(#146),#77,.T.);
#1225=ADVANCED_FACE('',(#147,#46,#47,#48,#49,#50,#51,#52),#78,.T.);
#1226=CLOSED_SHELL('',(#1157,#1158,#1159,#1160,#1161,#1162,#1163,#1164,
#1165,#1166,#1167,#1168,#1169,#1170,#1171,#1172,#1173,#1174,#1175,#1176,
#1177,#1178,#1179,#1180,#1181,#1182,#1183,#1184,#1185,#1186,#1187,#1188,
#1189,#1190,#1191,#1192,#1193,#1194,#1195,#1196,#1197,#1198,#1199,#1200,
#1201,#1202,#1203,#1204,#1205,#1206,#1207,#1208,#1209,#1210,#1211,#1212,
#1213,#1214,#1215,#1216,#1217,#1218,#1219,#1220,#1221,#1222,#1223,#1224,
#1225));
#1227=DERIVED_UNIT_ELEMENT(#1229,1.);
#1228=DERIVED_UNIT_ELEMENT(#2168,-3.);
#1229=(
MASS_UNIT()
NAMED_UNIT(*)
SI_UNIT(.KILO.,.GRAM.)
);
#1230=DERIVED_UNIT((#1227,#1228));
#1231=MEASURE_REPRESENTATION_ITEM('density measure',
POSITIVE_RATIO_MEASURE(7850.),#1230);
#1232=PROPERTY_DEFINITION_REPRESENTATION(#1237,#1234);
#1233=PROPERTY_DEFINITION_REPRESENTATION(#1238,#1235);
#1234=REPRESENTATION('material name',(#1236),#2165);
#1235=REPRESENTATION('density',(#1231),#2165);
#1236=DESCRIPTIVE_REPRESENTATION_ITEM('Steel','Steel');
#1237=PROPERTY_DEFINITION('material property','material name',#2175);
#1238=PROPERTY_DEFINITION('material property','density of part',#2175);
#1239=AXIS2_PLACEMENT_3D('',#1786,#1393,#1394);
#1240=AXIS2_PLACEMENT_3D('',#1787,#1395,#1396);
#1241=AXIS2_PLACEMENT_3D('',#1789,#1397,#1398);
#1242=AXIS2_PLACEMENT_3D('',#1792,#1400,#1401);
#1243=AXIS2_PLACEMENT_3D('',#1793,#1402,#1403);
#1244=AXIS2_PLACEMENT_3D('',#1795,#1404,#1405);
#1245=AXIS2_PLACEMENT_3D('',#1798,#1407,#1408);
#1246=AXIS2_PLACEMENT_3D('',#1799,#1409,#1410);
#1247=AXIS2_PLACEMENT_3D('',#1801,#1411,#1412);
#1248=AXIS2_PLACEMENT_3D('',#1804,#1414,#1415);
#1249=AXIS2_PLACEMENT_3D('',#1805,#1416,#1417);
#1250=AXIS2_PLACEMENT_3D('',#1807,#1418,#1419);
#1251=AXIS2_PLACEMENT_3D('',#1810,#1421,#1422);
#1252=AXIS2_PLACEMENT_3D('',#1811,#1423,#1424);
#1253=AXIS2_PLACEMENT_3D('',#1813,#1425,#1426);
#1254=AXIS2_PLACEMENT_3D('',#1816,#1428,#1429);
#1255=AXIS2_PLACEMENT_3D('',#1817,#1430,#1431);
#1256=AXIS2_PLACEMENT_3D('',#1819,#1432,#1433);
#1257=AXIS2_PLACEMENT_3D('',#1822,#1435,#1436);
#1258=AXIS2_PLACEMENT_3D('',#1823,#1437,#1438);
#1259=AXIS2_PLACEMENT_3D('',#1826,#1439,#1440);
#1260=AXIS2_PLACEMENT_3D('',#1830,#1442,#1443);
#1261=AXIS2_PLACEMENT_3D('',#1832,#1445,#1446);
#1262=AXIS2_PLACEMENT_3D('',#1836,#1448,#1449);
#1263=AXIS2_PLACEMENT_3D('',#1840,#1451,#1452);
#1264=AXIS2_PLACEMENT_3D('',#1844,#1454,#1455);
#1265=AXIS2_PLACEMENT_3D('',#1848,#1457,#1458);
#1266=AXIS2_PLACEMENT_3D('',#1860,#1464,#1465);
#1267=AXIS2_PLACEMENT_3D('',#1862,#1466,#1467);
#1268=AXIS2_PLACEMENT_3D('',#1866,#1469,#1470);
#1269=AXIS2_PLACEMENT_3D('',#1870,#1472,#1473);
#1270=AXIS2_PLACEMENT_3D('',#1874,#1475,#1476);
#1271=AXIS2_PLACEMENT_3D('',#1878,#1478,#1479);
#1272=AXIS2_PLACEMENT_3D('',#1881,#1481,#1482);
#1273=AXIS2_PLACEMENT_3D('',#1883,#1483,#1484);
#1274=AXIS2_PLACEMENT_3D('',#1885,#1485,#1486);
#1275=AXIS2_PLACEMENT_3D('',#1886,#1487,#1488);
#1276=AXIS2_PLACEMENT_3D('',#1890,#1491,#1492);
#1277=AXIS2_PLACEMENT_3D('',#1892,#1493,#1494);
#1278=AXIS2_PLACEMENT_3D('',#1894,#1496,#1497);
#1279=AXIS2_PLACEMENT_3D('',#1898,#1499,#1500);
#1280=AXIS2_PLACEMENT_3D('',#1900,#1502,#1503);
#1281=AXIS2_PLACEMENT_3D('',#1904,#1506,#1507);
#1282=AXIS2_PLACEMENT_3D('',#1906,#1508,#1509);
#1283=AXIS2_PLACEMENT_3D('',#1908,#1511,#1512);
#1284=AXIS2_PLACEMENT_3D('',#1910,#1513,#1514);
#1285=AXIS2_PLACEMENT_3D('',#1911,#1515,#1516);
#1286=AXIS2_PLACEMENT_3D('',#1926,#1517,#1518);
#1287=AXIS2_PLACEMENT_3D('',#1928,#1519,#1520);
#1288=AXIS2_PLACEMENT_3D('',#1931,#1522,#1523);
#1289=AXIS2_PLACEMENT_3D('',#1932,#1524,#1525);
#1290=AXIS2_PLACEMENT_3D('',#1934,#1526,#1527);
#1291=AXIS2_PLACEMENT_3D('',#1936,#1529,#1530);
#1292=AXIS2_PLACEMENT_3D('',#1938,#1531,#1532);
#1293=AXIS2_PLACEMENT_3D('',#1939,#1533,#1534);
#1294=AXIS2_PLACEMENT_3D('',#1940,#1535,#1536);
#1295=AXIS2_PLACEMENT_3D('',#1942,#1537,#1538);
#1296=AXIS2_PLACEMENT_3D('',#1944,#1540,#1541);
#1297=AXIS2_PLACEMENT_3D('',#1946,#1542,#1543);
#1298=AXIS2_PLACEMENT_3D('',#1947,#1544,#1545);
#1299=AXIS2_PLACEMENT_3D('',#1948,#1546,#1547);
#1300=AXIS2_PLACEMENT_3D('',#1950,#1548,#1549);
#1301=AXIS2_PLACEMENT_3D('',#1952,#1551,#1552);
#1302=AXIS2_PLACEMENT_3D('',#1954,#1553,#1554);
#1303=AXIS2_PLACEMENT_3D('',#1955,#1555,#1556);
#1304=AXIS2_PLACEMENT_3D('',#1970,#1557,#1558);
#1305=AXIS2_PLACEMENT_3D('',#1972,#1559,#1560);
#1306=AXIS2_PLACEMENT_3D('',#1974,#1562,#1563);
#1307=AXIS2_PLACEMENT_3D('',#1976,#1564,#1565);
#1308=AXIS2_PLACEMENT_3D('',#1979,#1567,#1568);
#1309=AXIS2_PLACEMENT_3D('',#1980,#1569,#1570);
#1310=AXIS2_PLACEMENT_3D('',#1982,#1571,#1572);
#1311=AXIS2_PLACEMENT_3D('',#1983,#1573,#1574);
#1312=AXIS2_PLACEMENT_3D('',#1984,#1575,#1576);
#1313=AXIS2_PLACEMENT_3D('',#1986,#1577,#1578);
#1314=AXIS2_PLACEMENT_3D('',#1988,#1580,#1581);
#1315=AXIS2_PLACEMENT_3D('',#1990,#1582,#1583);
#1316=AXIS2_PLACEMENT_3D('',#1991,#1584,#1585);
#1317=AXIS2_PLACEMENT_3D('',#1992,#1586,#1587);
#1318=AXIS2_PLACEMENT_3D('',#1994,#1588,#1589);
#1319=AXIS2_PLACEMENT_3D('',#1996,#1591,#1592);
#1320=AXIS2_PLACEMENT_3D('',#1998,#1593,#1594);
#1321=AXIS2_PLACEMENT_3D('',#1999,#1595,#1596);
#1322=AXIS2_PLACEMENT_3D('',#2000,#1597,#1598);
#1323=AXIS2_PLACEMENT_3D('',#2002,#1599,#1600);
#1324=AXIS2_PLACEMENT_3D('',#2004,#1602,#1603);
#1325=AXIS2_PLACEMENT_3D('',#2005,#1604,#1605);
#1326=AXIS2_PLACEMENT_3D('',#2006,#1606,#1607);
#1327=AXIS2_PLACEMENT_3D('',#2010,#1609,#1610);
#1328=AXIS2_PLACEMENT_3D('',#2012,#1612,#1613);
#1329=AXIS2_PLACEMENT_3D('',#2016,#1616,#1617);
#1330=AXIS2_PLACEMENT_3D('',#2019,#1619,#1620);
#1331=AXIS2_PLACEMENT_3D('',#2020,#1621,#1622);
#1332=AXIS2_PLACEMENT_3D('',#2024,#1625,#1626);
#1333=AXIS2_PLACEMENT_3D('',#2027,#1628,#1629);
#1334=AXIS2_PLACEMENT_3D('',#2028,#1630,#1631);
#1335=AXIS2_PLACEMENT_3D('',#2032,#1634,#1635);
#1336=AXIS2_PLACEMENT_3D('',#2035,#1637,#1638);
#1337=AXIS2_PLACEMENT_3D('',#2036,#1639,#1640);
#1338=AXIS2_PLACEMENT_3D('',#2043,#1645,#1646);
#1339=AXIS2_PLACEMENT_3D('',#2045,#1647,#1648);
#1340=AXIS2_PLACEMENT_3D('',#2048,#1650,#1651);
#1341=AXIS2_PLACEMENT_3D('',#2049,#1652,#1653);
#1342=AXIS2_PLACEMENT_3D('',#2050,#1654,#1655);
#1343=AXIS2_PLACEMENT_3D('',#2052,#1656,#1657);
#1344=AXIS2_PLACEMENT_3D('',#2055,#1659,#1660);
#1345=AXIS2_PLACEMENT_3D('',#2056,#1661,#1662);
#1346=AXIS2_PLACEMENT_3D('',#2057,#1663,#1664);
#1347=AXIS2_PLACEMENT_3D('',#2058,#1665,#1666);
#1348=AXIS2_PLACEMENT_3D('',#2060,#1667,#1668);
#1349=AXIS2_PLACEMENT_3D('',#2063,#1670,#1671);
#1350=AXIS2_PLACEMENT_3D('',#2064,#1672,#1673);
#1351=AXIS2_PLACEMENT_3D('',#2065,#1674,#1675);
#1352=AXIS2_PLACEMENT_3D('',#2066,#1676,#1677);
#1353=AXIS2_PLACEMENT_3D('',#2068,#1678,#1679);
#1354=AXIS2_PLACEMENT_3D('',#2071,#1681,#1682);
#1355=AXIS2_PLACEMENT_3D('',#2072,#1683,#1684);
#1356=AXIS2_PLACEMENT_3D('',#2073,#1685,#1686);
#1357=AXIS2_PLACEMENT_3D('',#2074,#1687,#1688);
#1358=AXIS2_PLACEMENT_3D('',#2080,#1691,#1692);
#1359=AXIS2_PLACEMENT_3D('',#2084,#1694,#1695);
#1360=AXIS2_PLACEMENT_3D('',#2088,#1697,#1698);
#1361=AXIS2_PLACEMENT_3D('',#2092,#1700,#1701);
#1362=AXIS2_PLACEMENT_3D('',#2097,#1704,#1705);
#1363=AXIS2_PLACEMENT_3D('',#2099,#1706,#1707);
#1364=AXIS2_PLACEMENT_3D('',#2101,#1708,#1709);
#1365=AXIS2_PLACEMENT_3D('',#2103,#1710,#1711);
#1366=AXIS2_PLACEMENT_3D('',#2104,#1712,#1713);
#1367=AXIS2_PLACEMENT_3D('',#2106,#1714,#1715);
#1368=AXIS2_PLACEMENT_3D('',#2108,#1717,#1718);
#1369=AXIS2_PLACEMENT_3D('',#2110,#1719,#1720);
#1370=AXIS2_PLACEMENT_3D('',#2112,#1722,#1723);
#1371=AXIS2_PLACEMENT_3D('',#2114,#1724,#1725);
#1372=AXIS2_PLACEMENT_3D('',#2116,#1727,#1728);
#1373=AXIS2_PLACEMENT_3D('',#2118,#1729,#1730);
#1374=AXIS2_PLACEMENT_3D('',#2120,#1732,#1733);
#1375=AXIS2_PLACEMENT_3D('',#2121,#1734,#1735);
#1376=AXIS2_PLACEMENT_3D('',#2123,#1737,#1738);
#1377=AXIS2_PLACEMENT_3D('',#2125,#1740,#1741);
#1378=AXIS2_PLACEMENT_3D('',#2126,#1742,#1743);
#1379=AXIS2_PLACEMENT_3D('',#2132,#1747,#1748);
#1380=AXIS2_PLACEMENT_3D('',#2134,#1749,#1750);
#1381=AXIS2_PLACEMENT_3D('',#2136,#1752,#1753);
#1382=AXIS2_PLACEMENT_3D('',#2140,#1756,#1757);
#1383=AXIS2_PLACEMENT_3D('',#2142,#1758,#1759);
#1384=AXIS2_PLACEMENT_3D('',#2144,#1761,#1762);
#1385=AXIS2_PLACEMENT_3D('',#2148,#1765,#1766);
#1386=AXIS2_PLACEMENT_3D('',#2150,#1767,#1768);
#1387=AXIS2_PLACEMENT_3D('',#2152,#1770,#1771);
#1388=AXIS2_PLACEMENT_3D('',#2156,#1774,#1775);
#1389=AXIS2_PLACEMENT_3D('',#2157,#1776,#1777);
#1390=AXIS2_PLACEMENT_3D('',#2158,#1778,#1779);
#1391=AXIS2_PLACEMENT_3D('',#2160,#1781,#1782);
#1392=AXIS2_PLACEMENT_3D('',#2162,#1784,#1785);
#1393=DIRECTION('axis',(0.,0.,1.));
#1394=DIRECTION('refdir',(1.,0.,0.));
#1395=DIRECTION('center_axis',(0.,0.,-1.));
#1396=DIRECTION('ref_axis',(-1.,0.,0.));
#1397=DIRECTION('center_axis',(0.,-1.31838984174237E-15,-1.));
#1398=DIRECTION('ref_axis',(-1.,0.,0.));
#1399=DIRECTION('',(0.,0.,-1.));
#1400=DIRECTION('center_axis',(0.,1.31838984174237E-15,1.));
#1401=DIRECTION('ref_axis',(-1.,0.,0.));
#1402=DIRECTION('center_axis',(0.,0.,-1.));
#1403=DIRECTION('ref_axis',(-1.,0.,0.));
#1404=DIRECTION('center_axis',(0.,-1.31838984174237E-15,-1.));
#1405=DIRECTION('ref_axis',(-1.,0.,0.));
#1406=DIRECTION('',(0.,0.,-1.));
#1407=DIRECTION('center_axis',(0.,1.31838984174237E-15,1.));
#1408=DIRECTION('ref_axis',(-1.,0.,0.));
#1409=DIRECTION('center_axis',(0.,0.,-1.));
#1410=DIRECTION('ref_axis',(-1.,0.,0.));
#1411=DIRECTION('center_axis',(0.,-1.31838984174237E-15,-1.));
#1412=DIRECTION('ref_axis',(-1.,0.,0.));
#1413=DIRECTION('',(0.,0.,-1.));
#1414=DIRECTION('center_axis',(0.,1.31838984174237E-15,1.));
#1415=DIRECTION('ref_axis',(-1.,0.,0.));
#1416=DIRECTION('center_axis',(0.,0.,-1.));
#1417=DIRECTION('ref_axis',(-1.,0.,0.));
#1418=DIRECTION('center_axis',(0.,-1.31838984174237E-15,-1.));
#1419=DIRECTION('ref_axis',(-1.,0.,0.));
#1420=DIRECTION('',(0.,0.,-1.));
#1421=DIRECTION('center_axis',(0.,1.31838984174237E-15,1.));
#1422=DIRECTION('ref_axis',(-1.,0.,0.));
#1423=DIRECTION('center_axis',(0.,0.,-1.));
#1424=DIRECTION('ref_axis',(-1.,0.,0.));
#1425=DIRECTION('center_axis',(0.,-1.31838984174237E-15,-1.));
#1426=DIRECTION('ref_axis',(-1.,0.,0.));
#1427=DIRECTION('',(0.,0.,-1.));
#1428=DIRECTION('center_axis',(0.,1.31838984174237E-15,1.));
#1429=DIRECTION('ref_axis',(-1.,0.,0.));
#1430=DIRECTION('center_axis',(0.,0.,-1.));
#1431=DIRECTION('ref_axis',(-1.,0.,0.));
#1432=DIRECTION('center_axis',(0.,-1.31838984174237E-15,-1.));
#1433=DIRECTION('ref_axis',(-1.,0.,0.));
#1434=DIRECTION('',(0.,0.,-1.));
#1435=DIRECTION('center_axis',(0.,1.31838984174237E-15,1.));
#1436=DIRECTION('ref_axis',(-1.,0.,0.));
#1437=DIRECTION('center_axis',(0.,-1.48029736616688E-15,-1.));
#1438=DIRECTION('ref_axis',(-0.707106781186547,0.707106781186547,-9.42055475210265E-16));
#1439=DIRECTION('center_axis',(0.,1.31838984174237E-15,1.));
#1440=DIRECTION('ref_axis',(-0.707106781186547,0.707106781186547,-9.42055475210265E-16));
#1441=DIRECTION('',(0.,1.48029736616688E-15,1.));
#1442=DIRECTION('center_axis',(0.,-1.31838984174237E-15,-1.));
#1443=DIRECTION('ref_axis',(-0.707106781186547,0.707106781186547,-9.42055475210265E-16));
#1444=DIRECTION('',(0.,-1.48029736616688E-15,-1.));
#1445=DIRECTION('center_axis',(0.,1.31838984174237E-15,1.));
#1446=DIRECTION('ref_axis',(-1.,0.,0.));
#1447=DIRECTION('',(1.,0.,0.));
#1448=DIRECTION('center_axis',(0.,1.31838984174237E-15,1.));
#1449=DIRECTION('ref_axis',(0.707106781186547,0.707106781186547,-9.42055475210265E-16));
#1450=DIRECTION('',(0.,-1.,1.31838984174237E-15));
#1451=DIRECTION('center_axis',(0.,1.31838984174237E-15,1.));
#1452=DIRECTION('ref_axis',(0.707106781186547,-0.707106781186547,9.42055475210265E-16));
#1453=DIRECTION('',(-1.,0.,0.));
#1454=DIRECTION('center_axis',(0.,1.31838984174237E-15,1.));
#1455=DIRECTION('ref_axis',(-0.707106781186547,-0.707106781186547,9.42055475210265E-16));
#1456=DIRECTION('',(0.,1.,-1.31838984174237E-15));
#1457=DIRECTION('center_axis',(0.,-1.31838984174237E-15,-1.));
#1458=DIRECTION('ref_axis',(1.,-6.06156249076952E-16,7.99150241291712E-31));
#1459=DIRECTION('',(-1.7415263131375E-16,1.,-1.31838984174237E-15));
#1460=DIRECTION('',(1.,0.,0.));
#1461=DIRECTION('',(1.7415263131375E-16,-1.,1.31838984174237E-15));
#1462=DIRECTION('',(-1.,0.,0.));
#1463=DIRECTION('',(-1.7415263131375E-16,1.,-1.31838984174237E-15));
#1464=DIRECTION('center_axis',(0.,-1.31838984174237E-15,-1.));
#1465=DIRECTION('ref_axis',(1.,-6.06156249076952E-16,7.99150241291712E-31));
#1466=DIRECTION('center_axis',(0.,-1.31838984174237E-15,-1.));
#1467=DIRECTION('ref_axis',(1.,-6.06156249076952E-16,7.99150241291712E-31));
#1468=DIRECTION('',(-1.7415263131375E-16,1.,-1.31838984174237E-15));
#1469=DIRECTION('center_axis',(0.,-1.31838984174237E-15,-1.));
#1470=DIRECTION('ref_axis',(-0.707106781186547,-0.707106781186548,9.3224239734349E-16));
#1471=DIRECTION('',(-1.,-5.38681719856942E-17,7.10192507391702E-32));
#1472=DIRECTION('center_axis',(0.,-1.31838984174237E-15,-1.));
#1473=DIRECTION('ref_axis',(0.707106781186548,-0.707106781186547,9.3224239734349E-16));
#1474=DIRECTION('',(1.7415263131375E-16,-1.,1.31838984174237E-15));
#1475=DIRECTION('center_axis',(0.,-1.31838984174237E-15,-1.));
#1476=DIRECTION('ref_axis',(0.707106781186548,0.707106781186547,-9.3224239734349E-16));
#1477=DIRECTION('',(1.,5.38681719856942E-17,-7.10192507391702E-32));
#1478=DIRECTION('center_axis',(0.,-1.31838984174237E-15,-1.));
#1479=DIRECTION('ref_axis',(-0.707106781186548,0.707106781186547,-9.3224239734349E-16));
#1480=DIRECTION('',(-1.7415263131375E-16,1.,-1.31838984174237E-15));
#1481=DIRECTION('center_axis',(0.,-1.31838984174237E-15,-1.));
#1482=DIRECTION('ref_axis',(1.,-6.06156249076952E-16,7.99150241291712E-31));
#1483=DIRECTION('center_axis',(0.,-1.31838984174237E-15,-1.));
#1484=DIRECTION('ref_axis',(1.,-6.06156249076952E-16,7.99150241291712E-31));
#1485=DIRECTION('center_axis',(0.,-1.31838984174237E-15,-1.));
#1486=DIRECTION('ref_axis',(1.,-6.06156249076952E-16,7.99150241291712E-31));
#1487=DIRECTION('center_axis',(0.,1.,-1.48029736616688E-15));
#1488=DIRECTION('ref_axis',(1.,0.,0.));
#1489=DIRECTION('',(-1.,0.,0.));
#1490=DIRECTION('',(0.,1.48029736616688E-15,1.));
#1491=DIRECTION('center_axis',(0.,-1.48029736616688E-15,-1.));
#1492=DIRECTION('ref_axis',(0.707106781186547,0.707106781186547,-9.42055475210265E-16));
#1493=DIRECTION('center_axis',(0.,-1.31838984174237E-15,-1.));
#1494=DIRECTION('ref_axis',(0.707106781186547,0.707106781186547,-9.42055475210265E-16));
#1495=DIRECTION('',(0.,-1.48029736616688E-15,-1.));
#1496=DIRECTION('center_axis',(0.,-1.48029736616688E-15,-1.));
#1497=DIRECTION('ref_axis',(0.707106781186547,-0.707106781186547,9.42055475210265E-16));
#1498=DIRECTION('',(0.,1.48029736616688E-15,1.));
#1499=DIRECTION('center_axis',(0.,-1.31838984174237E-15,-1.));
#1500=DIRECTION('ref_axis',(0.707106781186547,-0.707106781186547,9.42055475210265E-16));
#1501=DIRECTION('',(0.,-1.48029736616688E-15,-1.));
#1502=DIRECTION('center_axis',(0.,-1.,1.48029736616688E-15));
#1503=DIRECTION('ref_axis',(-1.,0.,0.));
#1504=DIRECTION('',(1.,0.,0.));
#1505=DIRECTION('',(0.,1.48029736616688E-15,1.));
#1506=DIRECTION('center_axis',(0.,-1.48029736616688E-15,-1.));
#1507=DIRECTION('ref_axis',(-0.707106781186547,-0.707106781186547,9.42055475210265E-16));
#1508=DIRECTION('center_axis',(0.,-1.31838984174237E-15,-1.));
#1509=DIRECTION('ref_axis',(-0.707106781186547,-0.707106781186547,9.42055475210265E-16));
#1510=DIRECTION('',(0.,-1.48029736616688E-15,-1.));
#1511=DIRECTION('center_axis',(0.,1.31838984174237E-15,1.));
#1512=DIRECTION('ref_axis',(1.,0.,0.));
#1513=DIRECTION('center_axis',(0.,1.31838984174237E-15,1.));
#1514=DIRECTION('ref_axis',(1.,-6.06156249076952E-16,0.));
#1515=DIRECTION('center_axis',(0.,-1.,1.31838984174237E-15));
#1516=DIRECTION('ref_axis',(-1.,0.,0.));
#1517=DIRECTION('center_axis',(1.7415263131375E-16,-1.,1.31838984174237E-15));
#1518=DIRECTION('ref_axis',(0.707106781186546,0.,0.707106781186549));
#1519=DIRECTION('center_axis',(-2.22044604925031E-15,-1.,0.));
#1520=DIRECTION('ref_axis',(1.,-2.22044604925031E-15,0.));
#1521=DIRECTION('',(1.7415263131375E-16,-1.,1.31838984174237E-15));
#1522=DIRECTION('center_axis',(0.,-1.,0.));
#1523=DIRECTION('ref_axis',(0.707106781186546,0.,0.707106781186549));
#1524=DIRECTION('center_axis',(0.,0.,-1.));
#1525=DIRECTION('ref_axis',(1.,0.,0.));
#1526=DIRECTION('center_axis',(0.,1.97215226305253E-31,-1.));
#1527=DIRECTION('ref_axis',(1.,0.,0.));
#1528=DIRECTION('',(0.,0.,1.));
#1529=DIRECTION('center_axis',(0.,1.31838984174237E-15,1.));
#1530=DIRECTION('ref_axis',(1.,0.,0.));
#1531=DIRECTION('center_axis',(0.,1.31838984174237E-15,1.));
#1532=DIRECTION('ref_axis',(1.,-6.06156249076952E-16,0.));
#1533=DIRECTION('center_axis',(0.,-1.,1.31838984174237E-15));
#1534=DIRECTION('ref_axis',(-1.,0.,0.));
#1535=DIRECTION('center_axis',(0.,0.,-1.));
#1536=DIRECTION('ref_axis',(1.,0.,0.));
#1537=DIRECTION('center_axis',(0.,1.97215226305253E-31,-1.));
#1538=DIRECTION('ref_axis',(1.,0.,0.));
#1539=DIRECTION('',(0.,0.,1.));
#1540=DIRECTION('center_axis',(0.,1.31838984174237E-15,1.));
#1541=DIRECTION('ref_axis',(1.,0.,0.));
#1542=DIRECTION('center_axis',(0.,1.31838984174237E-15,1.));
#1543=DIRECTION('ref_axis',(1.,-6.06156249076952E-16,0.));
#1544=DIRECTION('center_axis',(0.,-1.,1.31838984174237E-15));
#1545=DIRECTION('ref_axis',(-1.,0.,0.));
#1546=DIRECTION('center_axis',(0.,0.,-1.));
#1547=DIRECTION('ref_axis',(1.,0.,0.));
#1548=DIRECTION('center_axis',(-2.85322954721932E-34,1.97215226305253E-31,
-1.));
#1549=DIRECTION('ref_axis',(1.,0.,-2.85322954721931E-34));
#1550=DIRECTION('',(0.,0.,1.));
#1551=DIRECTION('center_axis',(0.,1.31838984174237E-15,1.));
#1552=DIRECTION('ref_axis',(1.,0.,0.));
#1553=DIRECTION('center_axis',(0.,1.31838984174237E-15,1.));
#1554=DIRECTION('ref_axis',(1.,-6.06156249076952E-16,0.));
#1555=DIRECTION('center_axis',(0.,-1.,1.31838984174237E-15));
#1556=DIRECTION('ref_axis',(-1.,0.,0.));
#1557=DIRECTION('center_axis',(0.,0.,-1.));
#1558=DIRECTION('ref_axis',(1.,0.,0.));
#1559=DIRECTION('center_axis',(-2.8532295472193E-34,1.97215226305253E-31,
-1.));
#1560=DIRECTION('ref_axis',(1.,0.,-2.8532295472193E-34));
#1561=DIRECTION('',(0.,0.,1.));
#1562=DIRECTION('center_axis',(1.7415263131375E-16,-1.,1.31838984174237E-15));
#1563=DIRECTION('ref_axis',(0.707106781186546,0.,0.707106781186549));
#1564=DIRECTION('center_axis',(0.,1.,0.));
#1565=DIRECTION('ref_axis',(0.707106781186546,0.,0.707106781186549));
#1566=DIRECTION('',(1.7415263131375E-16,-1.,1.31838984174237E-15));
#1567=DIRECTION('center_axis',(3.08148791101957E-31,-1.,2.22044604925031E-15));
#1568=DIRECTION('ref_axis',(1.,0.,-1.38777878078144E-16));
#1569=DIRECTION('center_axis',(0.,1.31838984174237E-15,1.));
#1570=DIRECTION('ref_axis',(1.,0.,0.));
#1571=DIRECTION('center_axis',(1.,0.,0.));
#1572=DIRECTION('ref_axis',(0.,1.,-1.31838984174238E-15));
#1573=DIRECTION('center_axis',(0.,1.31838984174237E-15,1.));
#1574=DIRECTION('ref_axis',(-0.707106781186547,-0.707106781186548,9.36750677027474E-16));
#1575=DIRECTION('center_axis',(1.,5.38681719856942E-17,-7.10192507391702E-32));
#1576=DIRECTION('ref_axis',(0.,0.707106781186549,0.707106781186546));
#1577=DIRECTION('center_axis',(1.,0.,0.));
#1578=DIRECTION('ref_axis',(0.,1.,-3.46944695195361E-17));
#1579=DIRECTION('',(1.,5.38681719856942E-17,-7.10192507391702E-32));
#1580=DIRECTION('center_axis',(0.,1.31838984174237E-15,1.));
#1581=DIRECTION('ref_axis',(1.,0.,0.));
#1582=DIRECTION('center_axis',(2.22044604925032E-15,1.,-2.22044604925027E-15));
#1583=DIRECTION('ref_axis',(-1.,2.22044604925032E-15,0.));
#1584=DIRECTION('center_axis',(0.,1.31838984174237E-15,1.));
#1585=DIRECTION('ref_axis',(0.707106781186548,-0.707106781186547,9.36750677027475E-16));
#1586=DIRECTION('center_axis',(-1.7415263131375E-16,1.,-1.31838984174237E-15));
#1587=DIRECTION('ref_axis',(-0.707106781186546,0.,0.707106781186549));
#1588=DIRECTION('center_axis',(-7.70371977754894E-32,1.,-2.22044604925031E-15));
#1589=DIRECTION('ref_axis',(-1.,0.,3.46944695195361E-17));
#1590=DIRECTION('',(-1.7415263131375E-16,1.,-1.31838984174237E-15));
#1591=DIRECTION('center_axis',(0.,1.31838984174237E-15,1.));
#1592=DIRECTION('ref_axis',(1.,0.,0.));
#1593=DIRECTION('center_axis',(-1.,0.,0.));
#1594=DIRECTION('ref_axis',(0.,-1.,1.31838984174238E-15));
#1595=DIRECTION('center_axis',(0.,1.31838984174237E-15,1.));
#1596=DIRECTION('ref_axis',(0.707106781186548,0.707106781186547,-9.36750677027475E-16));
#1597=DIRECTION('center_axis',(-1.,-5.38681719856942E-17,7.10192507391702E-32));
#1598=DIRECTION('ref_axis',(0.,-0.707106781186548,0.707106781186547));
#1599=DIRECTION('center_axis',(-1.,0.,0.));
#1600=DIRECTION('ref_axis',(0.,-1.,0.));
#1601=DIRECTION('',(-1.,-5.38681719856942E-17,7.10192507391702E-32));
#1602=DIRECTION('center_axis',(0.,1.31838984174237E-15,1.));
#1603=DIRECTION('ref_axis',(1.,0.,0.));
#1604=DIRECTION('center_axis',(0.,1.31838984174237E-15,1.));
#1605=DIRECTION('ref_axis',(-0.707106781186548,0.707106781186547,-9.36750677027475E-16));
#1606=DIRECTION('center_axis',(0.,0.,-1.));
#1607=DIRECTION('ref_axis',(-1.,1.11022302462516E-15,0.));
#1608=DIRECTION('',(0.,0.,-1.));
#1609=DIRECTION('center_axis',(0.,0.,-1.));
#1610=DIRECTION('ref_axis',(-1.,1.11022302462516E-15,0.));
#1611=DIRECTION('',(0.,0.,-1.));
#1612=DIRECTION('center_axis',(-5.38681719856942E-17,1.,0.));
#1613=DIRECTION('ref_axis',(1.,5.38681719856942E-17,0.));
#1614=DIRECTION('',(0.,0.,-1.));
#1615=DIRECTION('',(1.,5.38681719856942E-17,0.));
#1616=DIRECTION('center_axis',(0.,0.,-1.));
#1617=DIRECTION('ref_axis',(0.,1.,0.));
#1618=DIRECTION('',(0.,0.,-1.));
#1619=DIRECTION('center_axis',(0.,0.,-1.));
#1620=DIRECTION('ref_axis',(0.,1.,0.));
#1621=DIRECTION('center_axis',(1.,1.7415263131375E-16,0.));
#1622=DIRECTION('ref_axis',(1.7415263131375E-16,-1.,0.));
#1623=DIRECTION('',(0.,0.,-1.));
#1624=DIRECTION('',(1.7415263131375E-16,-1.,0.));
#1625=DIRECTION('center_axis',(0.,0.,-1.));
#1626=DIRECTION('ref_axis',(1.,-1.11022302462516E-15,0.));
#1627=DIRECTION('',(0.,0.,-1.));
#1628=DIRECTION('center_axis',(0.,0.,-1.));
#1629=DIRECTION('ref_axis',(1.,-1.11022302462516E-15,0.));
#1630=DIRECTION('center_axis',(5.38681719856942E-17,-1.,0.));
#1631=DIRECTION('ref_axis',(-1.,-5.38681719856942E-17,0.));
#1632=DIRECTION('',(0.,0.,-1.));
#1633=DIRECTION('',(-1.,0.,0.));
#1634=DIRECTION('center_axis',(0.,0.,-1.));
#1635=DIRECTION('ref_axis',(0.,-1.,0.));
#1636=DIRECTION('',(0.,0.,-1.));
#1637=DIRECTION('center_axis',(0.,0.,-1.));
#1638=DIRECTION('ref_axis',(-1.11022302462516E-15,-1.,0.));
#1639=DIRECTION('center_axis',(-1.,-1.7415263131375E-16,0.));
#1640=DIRECTION('ref_axis',(-1.7415263131375E-16,1.,0.));
#1641=DIRECTION('',(0.,1.,0.));
#1642=DIRECTION('',(0.,0.,-1.));
#1643=DIRECTION('',(0.,1.,0.));
#1644=DIRECTION('',(0.,0.,-1.));
#1645=DIRECTION('center_axis',(0.,0.,-1.));
#1646=DIRECTION('ref_axis',(1.,0.,0.));
#1647=DIRECTION('center_axis',(0.,0.,1.));
#1648=DIRECTION('ref_axis',(1.,0.,0.));
#1649=DIRECTION('',(0.,0.,1.));
#1650=DIRECTION('center_axis',(0.,-1.31838984174237E-15,-1.));
#1651=DIRECTION('ref_axis',(1.,0.,0.));
#1652=DIRECTION('center_axis',(0.,1.97215226305253E-31,-1.));
#1653=DIRECTION('ref_axis',(1.,0.,0.));
#1654=DIRECTION('center_axis',(0.,0.,-1.));
#1655=DIRECTION('ref_axis',(1.,0.,0.));
#1656=DIRECTION('center_axis',(0.,0.,1.));
#1657=DIRECTION('ref_axis',(1.,0.,0.));
#1658=DIRECTION('',(0.,0.,1.));
#1659=DIRECTION('center_axis',(0.,-1.31838984174237E-15,-1.));
#1660=DIRECTION('ref_axis',(1.,0.,0.));
#1661=DIRECTION('center_axis',(-2.8532295472193E-34,1.97215226305253E-31,
-1.));
#1662=DIRECTION('ref_axis',(1.,0.,-2.8532295472193E-34));
#1663=DIRECTION('center_axis',(0.,1.31838984174237E-15,1.));
#1664=DIRECTION('ref_axis',(-1.,0.,0.));
#1665=DIRECTION('center_axis',(0.,0.,-1.));
#1666=DIRECTION('ref_axis',(1.,0.,0.));
#1667=DIRECTION('center_axis',(0.,0.,1.));
#1668=DIRECTION('ref_axis',(1.,0.,0.));
#1669=DIRECTION('',(0.,0.,1.));
#1670=DIRECTION('center_axis',(0.,-1.31838984174237E-15,-1.));
#1671=DIRECTION('ref_axis',(1.,0.,0.));
#1672=DIRECTION('center_axis',(0.,1.97215226305253E-31,-1.));
#1673=DIRECTION('ref_axis',(1.,0.,0.));
#1674=DIRECTION('center_axis',(0.,1.31838984174237E-15,1.));
#1675=DIRECTION('ref_axis',(-1.,0.,0.));
#1676=DIRECTION('center_axis',(0.,0.,-1.));
#1677=DIRECTION('ref_axis',(1.,0.,0.));
#1678=DIRECTION('center_axis',(0.,0.,1.));
#1679=DIRECTION('ref_axis',(1.,0.,0.));
#1680=DIRECTION('',(0.,0.,1.));
#1681=DIRECTION('center_axis',(0.,-1.31838984174237E-15,-1.));
#1682=DIRECTION('ref_axis',(1.,0.,0.));
#1683=DIRECTION('center_axis',(-2.85322954721932E-34,1.97215226305253E-31,
-1.));
#1684=DIRECTION('ref_axis',(1.,0.,-2.85322954721932E-34));
#1685=DIRECTION('center_axis',(0.,1.31838984174237E-15,1.));
#1686=DIRECTION('ref_axis',(-1.,0.,0.));
#1687=DIRECTION('center_axis',(0.,0.,-1.));
#1688=DIRECTION('ref_axis',(1.,0.,0.));
#1689=DIRECTION('',(1.,0.,0.));
#1690=DIRECTION('',(1.7415263131375E-16,-1.,0.));
#1691=DIRECTION('center_axis',(0.,0.,1.));
#1692=DIRECTION('ref_axis',(0.,-1.,0.));
#1693=DIRECTION('',(1.,-5.38681719856942E-17,0.));
#1694=DIRECTION('center_axis',(0.,0.,1.));
#1695=DIRECTION('ref_axis',(1.,-1.61486985400023E-15,0.));
#1696=DIRECTION('',(0.,1.,0.));
#1697=DIRECTION('center_axis',(0.,0.,1.));
#1698=DIRECTION('ref_axis',(0.,1.,0.));
#1699=DIRECTION('',(-1.,-5.38681719856942E-17,0.));
#1700=DIRECTION('center_axis',(0.,0.,1.));
#1701=DIRECTION('ref_axis',(-1.,1.61486985400023E-15,0.));
#1702=DIRECTION('',(1.7415263131375E-16,-1.,0.));
#1703=DIRECTION('',(-1.,0.,0.));
#1704=DIRECTION('center_axis',(0.,0.,1.));
#1705=DIRECTION('ref_axis',(1.,0.,0.));
#1706=DIRECTION('center_axis',(0.,0.,1.));
#1707=DIRECTION('ref_axis',(1.,0.,0.));
#1708=DIRECTION('center_axis',(0.,0.,1.));
#1709=DIRECTION('ref_axis',(1.,0.,0.));
#1710=DIRECTION('center_axis',(0.,0.,1.));
#1711=DIRECTION('ref_axis',(1.,0.,0.));
#1712=DIRECTION('center_axis',(0.,0.,-1.));
#1713=DIRECTION('ref_axis',(1.,0.,0.));
#1714=DIRECTION('center_axis',(0.,0.,1.));
#1715=DIRECTION('ref_axis',(1.,0.,0.));
#1716=DIRECTION('',(0.,0.,1.));
#1717=DIRECTION('center_axis',(0.,0.,-1.));
#1718=DIRECTION('ref_axis',(1.,0.,0.));
#1719=DIRECTION('center_axis',(0.,0.,1.));
#1720=DIRECTION('ref_axis',(1.,0.,0.));
#1721=DIRECTION('',(0.,0.,1.));
#1722=DIRECTION('center_axis',(0.,0.,-1.));
#1723=DIRECTION('ref_axis',(1.,0.,0.));
#1724=DIRECTION('center_axis',(0.,0.,1.));
#1725=DIRECTION('ref_axis',(1.,0.,0.));
#1726=DIRECTION('',(0.,0.,1.));
#1727=DIRECTION('center_axis',(0.,0.,-1.));
#1728=DIRECTION('ref_axis',(1.,0.,0.));
#1729=DIRECTION('center_axis',(0.,0.,1.));
#1730=DIRECTION('ref_axis',(1.,0.,0.));
#1731=DIRECTION('',(0.,0.,1.));
#1732=DIRECTION('center_axis',(0.,0.,-1.));
#1733=DIRECTION('ref_axis',(1.,0.,0.));
#1734=DIRECTION('center_axis',(0.,-1.,0.));
#1735=DIRECTION('ref_axis',(-1.,0.,0.));
#1736=DIRECTION('',(0.,0.,-1.));
#1737=DIRECTION('center_axis',(0.,1.,0.));
#1738=DIRECTION('ref_axis',(1.,0.,0.));
#1739=DIRECTION('',(0.,0.,-1.));
#1740=DIRECTION('center_axis',(0.,1.31838984174237E-15,1.));
#1741=DIRECTION('ref_axis',(-1.,0.,0.));
#1742=DIRECTION('center_axis',(-5.38681719856942E-17,-1.,1.48029736616688E-15));
#1743=DIRECTION('ref_axis',(-1.,5.38681719856942E-17,-7.10192507391702E-32));
#1744=DIRECTION('',(1.,-5.38681719856942E-17,7.10192507391702E-32));
#1745=DIRECTION('',(0.,-1.48029736616688E-15,-1.));
#1746=DIRECTION('',(0.,-1.48029736616688E-15,-1.));
#1747=DIRECTION('center_axis',(0.,-1.48029736616688E-15,-1.));
#1748=DIRECTION('ref_axis',(1.,-8.07434927000114E-16,1.19524379578941E-30));
#1749=DIRECTION('center_axis',(0.,-1.31838984174237E-15,-1.));
#1750=DIRECTION('ref_axis',(1.,-8.07434927000114E-16,1.06451400562494E-30));
#1751=DIRECTION('',(0.,-1.48029736616688E-15,-1.));
#1752=DIRECTION('center_axis',(-1.,-1.7415263131375E-16,2.57797681444775E-31));
#1753=DIRECTION('ref_axis',(-1.7415263131375E-16,1.,-1.31838984174237E-15));
#1754=DIRECTION('',(1.7415263131375E-16,-1.,1.31838984174237E-15));
#1755=DIRECTION('',(0.,-1.48029736616688E-15,-1.));
#1756=DIRECTION('center_axis',(0.,-1.48029736616688E-15,-1.));
#1757=DIRECTION('ref_axis',(0.,-1.,1.48029736616688E-15));
#1758=DIRECTION('center_axis',(0.,-1.31838984174237E-15,-1.));
#1759=DIRECTION('ref_axis',(0.,-1.,1.31838984174237E-15));
#1760=DIRECTION('',(0.,-1.48029736616688E-15,-1.));
#1761=DIRECTION('center_axis',(5.38681719856942E-17,1.,-1.48029736616688E-15));
#1762=DIRECTION('ref_axis',(1.,-5.38681719856942E-17,7.10192507391702E-32));
#1763=DIRECTION('',(-1.,5.38681719856942E-17,-7.10192507391702E-32));
#1764=DIRECTION('',(0.,-1.48029736616688E-15,-1.));
#1765=DIRECTION('center_axis',(0.,-1.48029736616688E-15,-1.));
#1766=DIRECTION('ref_axis',(-1.,8.07434927000114E-16,-1.19524379578941E-30));
#1767=DIRECTION('center_axis',(0.,-1.31838984174237E-15,-1.));
#1768=DIRECTION('ref_axis',(-1.,8.07434927000114E-16,-1.06451400562494E-30));
#1769=DIRECTION('',(0.,-1.48029736616688E-15,-1.));
#1770=DIRECTION('center_axis',(1.,1.7415263131375E-16,-2.57797681444775E-31));
#1771=DIRECTION('ref_axis',(1.7415263131375E-16,-1.,1.31838984174237E-15));
#1772=DIRECTION('',(-1.7415263131375E-16,1.,-1.31838984174237E-15));
#1773=DIRECTION('',(0.,-1.48029736616688E-15,-1.));
#1774=DIRECTION('center_axis',(0.,-1.48029736616688E-15,-1.));
#1775=DIRECTION('ref_axis',(0.,1.,-1.48029736616688E-15));
#1776=DIRECTION('center_axis',(0.,-1.31838984174237E-15,-1.));
#1777=DIRECTION('ref_axis',(0.,1.,-1.31838984174237E-15));
#1778=DIRECTION('center_axis',(-1.,0.,0.));
#1779=DIRECTION('ref_axis',(0.,1.,-1.31838984174237E-15));
#1780=DIRECTION('',(0.,-1.,1.31838984174237E-15));
#1781=DIRECTION('center_axis',(1.,0.,0.));
#1782=DIRECTION('ref_axis',(0.,-1.,1.31838984174237E-15));
#1783=DIRECTION('',(0.,1.,-1.31838984174237E-15));
#1784=DIRECTION('center_axis',(0.,1.31838984174237E-15,1.));
#1785=DIRECTION('ref_axis',(-1.,0.,0.));
#1786=CARTESIAN_POINT('',(0.,0.,0.));
#1787=CARTESIAN_POINT('Origin',(50.,-44.9999999736907,5.52588764357033));
#1788=CARTESIAN_POINT('',(51.6,-44.9999999736907,5.52588764357033));
#1789=CARTESIAN_POINT('Origin',(50.,-44.9999999736907,5.52588764357033));
#1790=CARTESIAN_POINT('',(51.6,-44.9999999736907,2.52588764357033));
#1791=CARTESIAN_POINT('',(51.6,-44.9999999736907,5.52588764357033));
#1792=CARTESIAN_POINT('Origin',(50.,-44.9999999736907,2.52588764357033));
#1793=CARTESIAN_POINT('Origin',(-140.,45.0000000263093,5.52588764357033));
#1794=CARTESIAN_POINT('',(-138.4,45.0000000263093,5.52588764357033));
#1795=CARTESIAN_POINT('Origin',(-140.,45.0000000263093,5.52588764357033));
#1796=CARTESIAN_POINT('',(-138.4,45.0000000263093,2.52588764357033));
#1797=CARTESIAN_POINT('',(-138.4,45.0000000263093,5.52588764357033));
#1798=CARTESIAN_POINT('Origin',(-140.,45.0000000263093,2.52588764357033));
#1799=CARTESIAN_POINT('Origin',(-45.,-44.9999999736907,5.52588764357033));
#1800=CARTESIAN_POINT('',(-43.4,-44.9999999736907,5.52588764357033));
#1801=CARTESIAN_POINT('Origin',(-45.,-44.9999999736907,5.52588764357033));
#1802=CARTESIAN_POINT('',(-43.4,-44.9999999736907,2.52588764357033));
#1803=CARTESIAN_POINT('',(-43.4,-44.9999999736907,5.52588764357033));
#1804=CARTESIAN_POINT('Origin',(-45.,-44.9999999736907,2.52588764357033));
#1805=CARTESIAN_POINT('Origin',(50.,45.0000000263093,5.52588764357033));
#1806=CARTESIAN_POINT('',(51.6,45.0000000263093,5.52588764357033));
#1807=CARTESIAN_POINT('Origin',(50.,45.0000000263093,5.52588764357033));
#1808=CARTESIAN_POINT('',(51.6,45.0000000263093,2.52588764357033));
#1809=CARTESIAN_POINT('',(51.6,45.0000000263093,5.52588764357033));
#1810=CARTESIAN_POINT('Origin',(50.,45.0000000263093,2.52588764357033));
#1811=CARTESIAN_POINT('Origin',(-45.,45.0000000263093,5.52588764357033));
#1812=CARTESIAN_POINT('',(-43.4,45.0000000263093,5.52588764357033));
#1813=CARTESIAN_POINT('Origin',(-45.,45.0000000263093,5.52588764357033));
#1814=CARTESIAN_POINT('',(-43.4,45.0000000263093,2.52588764357033));
#1815=CARTESIAN_POINT('',(-43.4,45.0000000263093,5.52588764357033));
#1816=CARTESIAN_POINT('Origin',(-45.,45.0000000263093,2.52588764357033));
#1817=CARTESIAN_POINT('Origin',(-140.,-44.9999999736907,5.52588764357033));
#1818=CARTESIAN_POINT('',(-138.4,-44.9999999736907,5.52588764357033));
#1819=CARTESIAN_POINT('Origin',(-140.,-44.9999999736907,5.52588764357033));
#1820=CARTESIAN_POINT('',(-138.4,-44.9999999736907,2.52588764357033));
#1821=CARTESIAN_POINT('',(-138.4,-44.9999999736907,5.52588764357033));
#1822=CARTESIAN_POINT('Origin',(-140.,-44.9999999736907,2.52588764357033));
#1823=CARTESIAN_POINT('Origin',(-140.,45.0000000263093,5.52588764357026));
#1824=CARTESIAN_POINT('',(-140.,50.0000000263093,2.52588764357026));
#1825=CARTESIAN_POINT('',(-145.,45.0000000263093,2.52588764357027));
#1826=CARTESIAN_POINT('Origin',(-140.,45.0000000263093,2.52588764357026));
#1827=CARTESIAN_POINT('',(-145.,45.0000000263093,5.52588764357027));
#1828=CARTESIAN_POINT('',(-145.,45.0000000263093,5.52588764357026));
#1829=CARTESIAN_POINT('',(-140.,50.0000000263093,5.52588764357026));
#1830=CARTESIAN_POINT('Origin',(-140.,45.0000000263093,5.52588764357026));
#1831=CARTESIAN_POINT('',(-140.,50.0000000263093,5.52588764357025));
#1832=CARTESIAN_POINT('Origin',(-45.,2.63093323515928E-8,2.52588764357033));
#1833=CARTESIAN_POINT('',(50.,50.0000000263093,2.52588764357026));
#1834=CARTESIAN_POINT('',(55.,50.0000000263093,2.52588764357026));
#1835=CARTESIAN_POINT('',(55.,45.0000000263093,2.52588764357027));
#1836=CARTESIAN_POINT('Origin',(50.,45.0000000263093,2.52588764357026));
#1837=CARTESIAN_POINT('',(55.,-44.9999999736907,2.52588764357038));
#1838=CARTESIAN_POINT('',(55.,-49.9999999736907,2.52588764357039));
#1839=CARTESIAN_POINT('',(50.,-49.9999999736907,2.52588764357039));
#1840=CARTESIAN_POINT('Origin',(50.,-44.9999999736907,2.52588764357039));
#1841=CARTESIAN_POINT('',(-140.,-49.9999999736907,2.52588764357039));
#1842=CARTESIAN_POINT('',(-145.,-49.9999999736907,2.52588764357039));
#1843=CARTESIAN_POINT('',(-145.,-44.9999999736907,2.52588764357039));
#1844=CARTESIAN_POINT('Origin',(-140.,-44.9999999736907,2.52588764357039));
#1845=CARTESIAN_POINT('',(-145.,50.0000000263093,2.52588764357026));
#1846=CARTESIAN_POINT('',(-51.22,14.8042818697407,2.52588764357031));
#1847=CARTESIAN_POINT('',(-62.3712449552942,18.9600666186494,2.5258876435703));
#1848=CARTESIAN_POINT('Origin',(-56.0212449552942,18.9600666186494,2.5258876435703));
#1849=CARTESIAN_POINT('',(-51.22,11.3775410387065,2.52588764357031));
#1850=CARTESIAN_POINT('',(-51.22,-13.1456997503998,2.52588764357034));
#1851=CARTESIAN_POINT('',(-46.72,11.3775410387065,2.52588764357033));
#1852=CARTESIAN_POINT('',(-45.86,11.3775410387065,2.52588764357031));
#1853=CARTESIAN_POINT('',(-46.72,-12.9839566935711,2.52588764357033));
#1854=CARTESIAN_POINT('',(-46.72,24.7086004728912,2.52588764357029));
#1855=CARTESIAN_POINT('',(-51.22,-12.9839566935711,2.52588764357034));
#1856=CARTESIAN_POINT('',(-47.11,-12.9839566935711,2.52588764357034));
#1857=CARTESIAN_POINT('',(-51.22,-17.7841486324419,2.52588764357035));
#1858=CARTESIAN_POINT('',(-51.22,-13.1456997503998,2.52588764357034));
#1859=CARTESIAN_POINT('',(-62.3712449552941,-21.9399333813507,2.52588764357035));
#1860=CARTESIAN_POINT('Origin',(-56.0212449552941,-21.9399333813507,2.52588764357035));
#1861=CARTESIAN_POINT('',(-51.22,-26.0957181302595,2.52588764357036));
#1862=CARTESIAN_POINT('Origin',(-56.0212449552941,-21.9399333813507,2.52588764357035));
#1863=CARTESIAN_POINT('',(-51.22,-26.2913995271089,2.52588764357036));
#1864=CARTESIAN_POINT('',(-51.22,-13.1456997503998,2.52588764357034));
#1865=CARTESIAN_POINT('',(-41.22,-36.2913995271089,2.52588764357037));
#1866=CARTESIAN_POINT('Origin',(-41.22,-26.2913995271089,2.52588764357036));
#1867=CARTESIAN_POINT('',(41.22,-36.2913995271089,2.52588764357037));
#1868=CARTESIAN_POINT('',(-1.89,-36.2913995271089,2.52588764357037));
#1869=CARTESIAN_POINT('',(51.22,-26.2913995271089,2.52588764357036));
#1870=CARTESIAN_POINT('Origin',(41.22,-26.2913995271089,2.52588764357036));
#1871=CARTESIAN_POINT('',(51.22,24.7086004728912,2.52588764357029));
#1872=CARTESIAN_POINT('',(51.22,12.3543002496003,2.52588764357031));
#1873=CARTESIAN_POINT('',(41.22,34.7086004728912,2.52588764357028));
#1874=CARTESIAN_POINT('Origin',(41.22,24.7086004728912,2.52588764357029));
#1875=CARTESIAN_POINT('',(-41.22,34.7086004728912,2.52588764357028));
#1876=CARTESIAN_POINT('',(-43.11,34.7086004728912,2.52588764357028));
#1877=CARTESIAN_POINT('',(-51.22,24.7086004728912,2.52588764357029));
#1878=CARTESIAN_POINT('Origin',(-41.22,24.7086004728912,2.52588764357029));
#1879=CARTESIAN_POINT('',(-51.22,23.1158513675581,2.5258876435703));
#1880=CARTESIAN_POINT('',(-51.22,-13.1456997503998,2.52588764357034));
#1881=CARTESIAN_POINT('Origin',(-56.0212449552942,18.9600666186494,2.5258876435703));
#1882=CARTESIAN_POINT('',(-122.371244955294,-21.9399333813508,2.52588764357035));
#1883=CARTESIAN_POINT('Origin',(-116.021244955294,-21.9399333813508,2.52588764357035));
#1884=CARTESIAN_POINT('',(-122.371244955294,18.9600666186494,2.5258876435703));
#1885=CARTESIAN_POINT('Origin',(-116.021244955294,18.9600666186494,2.5258876435703));
#1886=CARTESIAN_POINT('Origin',(-145.,50.0000000263093,5.52588764357026));
#1887=CARTESIAN_POINT('',(50.,50.0000000263093,5.52588764357026));
#1888=CARTESIAN_POINT('',(55.,50.0000000263093,5.52588764357026));
#1889=CARTESIAN_POINT('',(50.,50.0000000263093,5.52588764357026));
#1890=CARTESIAN_POINT('Origin',(50.,45.0000000263093,5.52588764357027));
#1891=CARTESIAN_POINT('',(55.,45.0000000263093,5.52588764357027));
#1892=CARTESIAN_POINT('Origin',(50.,45.0000000263093,5.52588764357026));
#1893=CARTESIAN_POINT('',(55.,45.0000000263093,5.52588764357027));
#1894=CARTESIAN_POINT('Origin',(50.,-44.9999999736907,5.52588764357039));
#1895=CARTESIAN_POINT('',(55.,-44.9999999736907,5.52588764357039));
#1896=CARTESIAN_POINT('',(55.,-44.9999999736907,5.52588764357039));
#1897=CARTESIAN_POINT('',(50.,-49.9999999736907,5.52588764357039));
#1898=CARTESIAN_POINT('Origin',(50.,-44.9999999736907,5.52588764357039));
#1899=CARTESIAN_POINT('',(50.,-49.9999999736907,5.5258876435704));
#1900=CARTESIAN_POINT('Origin',(55.,-49.9999999736907,5.52588764357039));
#1901=CARTESIAN_POINT('',(-140.,-49.9999999736907,5.52588764357039));
#1902=CARTESIAN_POINT('',(-145.,-49.9999999736907,5.52588764357039));
#1903=CARTESIAN_POINT('',(-140.,-49.9999999736907,5.52588764357039));
#1904=CARTESIAN_POINT('Origin',(-140.,-44.9999999736907,5.52588764357039));
#1905=CARTESIAN_POINT('',(-145.,-44.9999999736907,5.52588764357039));
#1906=CARTESIAN_POINT('Origin',(-140.,-44.9999999736907,5.52588764357039));
#1907=CARTESIAN_POINT('',(-145.,-44.9999999736907,5.52588764357039));
#1908=CARTESIAN_POINT('Origin',(-56.0212449552942,18.9600666186494,0.525887643570326));
#1909=CARTESIAN_POINT('',(-60.3712449552942,18.9600666186494,0.525887643570326));
#1910=CARTESIAN_POINT('Origin',(-56.0212449552942,18.9600666186494,0.525887643570326));
#1911=CARTESIAN_POINT('Origin',(-62.3712449552942,18.9600666186494,0.525887643570326));
#1912=CARTESIAN_POINT('Ctrl Pts',(-51.22,14.8042818697407,2.52588764357033));
#1913=CARTESIAN_POINT('Ctrl Pts',(-51.2186410572518,14.8079283298876,2.52588764357033));
#1914=CARTESIAN_POINT('Ctrl Pts',(-51.2172836799545,14.8115753888352,2.52588625852112));
#1915=CARTESIAN_POINT('Ctrl Pts',(-51.020213633646,15.3417706308354,2.52548501130132));
#1916=CARTESIAN_POINT('Ctrl Pts',(-50.8572766798716,15.8805567758685,2.4969225435449));
#1917=CARTESIAN_POINT('Ctrl Pts',(-50.5877211630207,17.0688676852804,2.42917822380163));
#1918=CARTESIAN_POINT('Ctrl Pts',(-50.4456224776471,17.9300049488111,2.36988857981589));
#1919=CARTESIAN_POINT('Ctrl Pts',(-50.4456224776471,19.9901282884854,2.36988857981589));
#1920=CARTESIAN_POINT('Ctrl Pts',(-50.5877211630199,20.8512655520123,2.42917822380123));
#1921=CARTESIAN_POINT('Ctrl Pts',(-50.8572766806073,22.0395764646758,2.49692254372994));
#1922=CARTESIAN_POINT('Ctrl Pts',(-51.0202136348597,22.5783626097487,2.5254850113038));
#1923=CARTESIAN_POINT('Ctrl Pts',(-51.2172836799159,23.1085578483593,2.52588625852103));
#1924=CARTESIAN_POINT('Ctrl Pts',(-51.2186410572906,23.1122049075156,2.52588764357032));
#1925=CARTESIAN_POINT('Ctrl Pts',(-51.22,23.1158513675582,2.52588764357032));
#1926=CARTESIAN_POINT('Origin',(-51.22,-13.1456997503998,0.525887643570343));
#1927=CARTESIAN_POINT('',(-49.22,24.7086004728912,0.525887643570326));
#1928=CARTESIAN_POINT('Origin',(-51.22,24.7086004728912,0.525887643570326));
#1929=CARTESIAN_POINT('',(-49.22,11.3775410387065,0.525887643570311));
#1930=CARTESIAN_POINT('',(-49.22,-13.1456997503998,0.525887643570343));
#1931=CARTESIAN_POINT('Origin',(-51.22,11.3775410387065,0.525887643570311));
#1932=CARTESIAN_POINT('Origin',(-56.0212449552942,18.9600666186494,2.52588764357033));
#1933=CARTESIAN_POINT('',(-60.3712449552942,18.9600666186494,-4.47411235642967));
#1934=CARTESIAN_POINT('Origin',(-56.0212449552942,18.9600666186494,-4.47411235642967));
#1935=CARTESIAN_POINT('',(-60.3712449552942,18.9600666186494,2.52588764357033));
#1936=CARTESIAN_POINT('Origin',(-116.021244955294,18.9600666186494,0.525887643570326));
#1937=CARTESIAN_POINT('',(-120.371244955294,18.9600666186494,0.525887643570326));
#1938=CARTESIAN_POINT('Origin',(-116.021244955294,18.9600666186494,0.525887643570326));
#1939=CARTESIAN_POINT('Origin',(-122.371244955294,18.9600666186494,0.525887643570326));
#1940=CARTESIAN_POINT('Origin',(-116.021244955294,18.9600666186494,2.52588764357033));
#1941=CARTESIAN_POINT('',(-120.371244955294,18.9600666186494,-4.47411235642967));
#1942=CARTESIAN_POINT('Origin',(-116.021244955294,18.9600666186494,-4.47411235642967));
#1943=CARTESIAN_POINT('',(-120.371244955294,18.9600666186494,2.52588764357033));
#1944=CARTESIAN_POINT('Origin',(-116.021244955294,-21.9399333813508,0.525887643570326));
#1945=CARTESIAN_POINT('',(-120.371244955294,-21.9399333813508,0.525887643570326));
#1946=CARTESIAN_POINT('Origin',(-116.021244955294,-21.9399333813508,0.525887643570326));
#1947=CARTESIAN_POINT('Origin',(-122.371244955294,-21.9399333813508,0.525887643570326));
#1948=CARTESIAN_POINT('Origin',(-116.021244955294,-21.9399333813508,2.52588764357033));
#1949=CARTESIAN_POINT('',(-120.371244955294,-21.9399333813508,-4.47411235642967));
#1950=CARTESIAN_POINT('Origin',(-116.021244955294,-21.9399333813508,-4.47411235642967));
#1951=CARTESIAN_POINT('',(-120.371244955294,-21.9399333813508,2.52588764357033));
#1952=CARTESIAN_POINT('Origin',(-56.0212449552941,-21.9399333813507,0.525887643570326));
#1953=CARTESIAN_POINT('',(-60.3712449552941,-21.9399333813507,0.525887643570326));
#1954=CARTESIAN_POINT('Origin',(-56.0212449552941,-21.9399333813507,0.525887643570326));
#1955=CARTESIAN_POINT('Origin',(-62.3712449552941,-21.9399333813507,0.525887643570326));
#1956=CARTESIAN_POINT('Ctrl Pts',(-51.22,-26.0957181302595,2.52588764357033));
#1957=CARTESIAN_POINT('Ctrl Pts',(-51.2186668754379,-26.0921409482239,2.52588764357033));
#1958=CARTESIAN_POINT('Ctrl Pts',(-51.2173352675575,-26.0885632172569,2.52588631066317));
#1959=CARTESIAN_POINT('Ctrl Pts',(-51.0304948480564,-25.5859148725804,2.52551311187076));
#1960=CARTESIAN_POINT('Ctrl Pts',(-50.8744165923909,-25.0757926089494,2.49979584872845));
#1961=CARTESIAN_POINT('Ctrl Pts',(-50.5900216903273,-23.8634185107376,2.43141334503619));
#1962=CARTESIAN_POINT('Ctrl Pts',(-50.445622477647,-22.9801947097581,2.3698885798159));
#1963=CARTESIAN_POINT('Ctrl Pts',(-50.445622477647,-20.8996720529428,2.3698885798159));
#1964=CARTESIAN_POINT('Ctrl Pts',(-50.5900216903275,-20.0164482519633,2.43141334503622));
#1965=CARTESIAN_POINT('Ctrl Pts',(-50.8744165923966,-18.8040741537276,2.49979584872982));
#1966=CARTESIAN_POINT('Ctrl Pts',(-51.0304948480656,-18.2939518900961,2.52551311187077));
#1967=CARTESIAN_POINT('Ctrl Pts',(-51.2173352675569,-17.7913035454461,2.52588631066316));
#1968=CARTESIAN_POINT('Ctrl Pts',(-51.2186668754385,-17.7877258144761,2.52588764357032));
#1969=CARTESIAN_POINT('Ctrl Pts',(-51.22,-17.7841486324419,2.52588764357032));
#1970=CARTESIAN_POINT('Origin',(-56.0212449552941,-21.9399333813507,2.52588764357033));
#1971=CARTESIAN_POINT('',(-60.3712449552941,-21.9399333813507,-4.47411235642967));
#1972=CARTESIAN_POINT('Origin',(-56.0212449552941,-21.9399333813507,-4.47411235642967));
#1973=CARTESIAN_POINT('',(-60.3712449552941,-21.9399333813507,2.52588764357033));
#1974=CARTESIAN_POINT('Origin',(-51.22,-13.1456997503998,0.525887643570343));
#1975=CARTESIAN_POINT('',(-49.22,-12.9839566935711,0.525887643570343));
#1976=CARTESIAN_POINT('Origin',(-51.22,-12.9839566935711,0.525887643570343));
#1977=CARTESIAN_POINT('',(-49.22,-26.2913995271089,0.52588764357036));
#1978=CARTESIAN_POINT('',(-49.22,-13.1456997503998,0.525887643570343));
#1979=CARTESIAN_POINT('Origin',(-51.22,-26.2913995271089,0.525887643570361));
#1980=CARTESIAN_POINT('Origin',(-41.22,-26.2913995271089,0.525887643570326));
#1981=CARTESIAN_POINT('',(-41.22,-34.2913995271089,0.525887643570336));
#1982=CARTESIAN_POINT('Origin',(-41.22,-36.2913995271089,0.525887643570339));
#1983=CARTESIAN_POINT('Origin',(-41.22,-26.2913995271089,0.525887643570326));
#1984=CARTESIAN_POINT('Origin',(-1.89,-36.2913995271089,0.525887643570374));
#1985=CARTESIAN_POINT('',(41.22,-34.2913995271089,0.525887643570374));
#1986=CARTESIAN_POINT('Origin',(41.22,-36.2913995271089,0.525887643570374));
#1987=CARTESIAN_POINT('',(-1.89,-34.2913995271089,0.525887643570374));
#1988=CARTESIAN_POINT('Origin',(41.22,-26.2913995271089,0.525887643570326));
#1989=CARTESIAN_POINT('',(49.22,-26.2913995271089,0.525887643570326));
#1990=CARTESIAN_POINT('Origin',(51.22,-26.2913995271089,0.525887643570326));
#1991=CARTESIAN_POINT('Origin',(41.22,-26.2913995271089,0.525887643570326));
#1992=CARTESIAN_POINT('Origin',(51.22,12.3543002496003,0.52588764357031));
#1993=CARTESIAN_POINT('',(49.22,24.7086004728912,0.525887643570293));
#1994=CARTESIAN_POINT('Origin',(51.22,24.7086004728912,0.525887643570293));
#1995=CARTESIAN_POINT('',(49.22,12.3543002496003,0.52588764357031));
#1996=CARTESIAN_POINT('Origin',(41.22,24.7086004728912,0.525887643570326));
#1997=CARTESIAN_POINT('',(41.22,32.7086004728912,0.525887643570315));
#1998=CARTESIAN_POINT('Origin',(41.22,34.7086004728912,0.525887643570313));
#1999=CARTESIAN_POINT('Origin',(41.22,24.7086004728912,0.525887643570326));
#2000=CARTESIAN_POINT('Origin',(-43.11,34.7086004728912,0.52588764357028));
#2001=CARTESIAN_POINT('',(-41.22,32.7086004728912,0.52588764357028));
#2002=CARTESIAN_POINT('Origin',(-41.22,34.7086004728912,0.52588764357028));
#2003=CARTESIAN_POINT('',(-43.11,32.7086004728912,0.52588764357028));
#2004=CARTESIAN_POINT('Origin',(-41.22,24.7086004728912,0.525887643570326));
#2005=CARTESIAN_POINT('Origin',(-41.22,24.7086004728912,0.525887643570326));
#2006=CARTESIAN_POINT('Origin',(-41.22,24.7086004728912,2.52588764357033));
#2007=CARTESIAN_POINT('',(-41.22,32.7086004728912,-6.47411235642967));
#2008=CARTESIAN_POINT('',(-41.22,32.7086004728912,2.52588764357033));
#2009=CARTESIAN_POINT('',(-49.22,24.7086004728912,-6.47411235642967));
#2010=CARTESIAN_POINT('Origin',(-41.22,24.7086004728912,-6.47411235642967));
#2011=CARTESIAN_POINT('',(-49.22,24.7086004728912,2.52588764357033));
#2012=CARTESIAN_POINT('Origin',(-41.22,32.7086004728912,2.52588764357033));
#2013=CARTESIAN_POINT('',(41.22,32.7086004728912,-6.47411235642967));
#2014=CARTESIAN_POINT('',(41.22,32.7086004728912,2.52588764357033));
#2015=CARTESIAN_POINT('',(-41.22,32.7086004728912,-6.47411235642967));
#2016=CARTESIAN_POINT('Origin',(41.22,24.7086004728912,2.52588764357033));
#2017=CARTESIAN_POINT('',(49.22,24.7086004728912,-6.47411235642967));
#2018=CARTESIAN_POINT('',(49.22,24.7086004728912,2.52588764357033));
#2019=CARTESIAN_POINT('Origin',(41.22,24.7086004728912,-6.47411235642967));
#2020=CARTESIAN_POINT('Origin',(49.22,24.7086004728912,2.52588764357033));
#2021=CARTESIAN_POINT('',(49.22,-26.2913995271089,-6.47411235642967));
#2022=CARTESIAN_POINT('',(49.22,-26.2913995271089,2.52588764357033));
#2023=CARTESIAN_POINT('',(49.22,24.7086004728912,-6.47411235642967));
#2024=CARTESIAN_POINT('Origin',(41.22,-26.2913995271089,2.52588764357033));
#2025=CARTESIAN_POINT('',(41.22,-34.2913995271089,-6.47411235642967));
#2026=CARTESIAN_POINT('',(41.22,-34.2913995271089,2.52588764357033));
#2027=CARTESIAN_POINT('Origin',(41.22,-26.2913995271089,-6.47411235642967));
#2028=CARTESIAN_POINT('Origin',(41.22,-34.2913995271089,2.52588764357033));
#2029=CARTESIAN_POINT('',(-41.22,-34.2913995271089,-6.47411235642967));
#2030=CARTESIAN_POINT('',(-41.22,-34.2913995271089,2.52588764357033));
#2031=CARTESIAN_POINT('',(41.22,-34.2913995271089,-6.47411235642967));
#2032=CARTESIAN_POINT('Origin',(-41.22,-26.2913995271089,2.52588764357033));
#2033=CARTESIAN_POINT('',(-49.22,-26.2913995271089,-6.47411235642967));
#2034=CARTESIAN_POINT('',(-49.22,-26.2913995271089,2.52588764357033));
#2035=CARTESIAN_POINT('Origin',(-41.22,-26.2913995271089,-6.47411235642967));
#2036=CARTESIAN_POINT('Origin',(-49.22,-26.2913995271089,2.52588764357033));
#2037=CARTESIAN_POINT('',(-49.22,-12.9839566935711,-6.47411235642967));
#2038=CARTESIAN_POINT('',(-49.22,-12.9839566935711,-4.47411235642967));
#2039=CARTESIAN_POINT('',(-49.22,-12.9839566935711,2.52588764357033));
#2040=CARTESIAN_POINT('',(-49.22,11.3775410387065,-4.47411235642967));
#2041=CARTESIAN_POINT('',(-49.22,-12.9839566935711,-4.47411235642967));
#2042=CARTESIAN_POINT('',(-49.22,11.3775410387065,2.52588764357033));
#2043=CARTESIAN_POINT('Origin',(-116.021244955294,18.9600666186494,2.52588764357033));
#2044=CARTESIAN_POINT('',(-117.171244955294,18.9600666186494,-4.47411235642967));
#2045=CARTESIAN_POINT('Origin',(-116.021244955294,18.9600666186494,-4.47411235642967));
#2046=CARTESIAN_POINT('',(-117.171244955294,18.9600666186494,2.52588764357033));
#2047=CARTESIAN_POINT('',(-117.171244955294,18.9600666186494,2.52588764357033));
#2048=CARTESIAN_POINT('Origin',(-116.021244955294,18.9600666186494,2.52588764357033));
#2049=CARTESIAN_POINT('Origin',(-116.021244955294,18.9600666186494,-4.47411235642967));
#2050=CARTESIAN_POINT('Origin',(-56.0212449552941,-21.9399333813507,2.52588764357033));
#2051=CARTESIAN_POINT('',(-57.1712449552941,-21.9399333813507,-4.47411235642967));
#2052=CARTESIAN_POINT('Origin',(-56.0212449552941,-21.9399333813507,-4.47411235642967));
#2053=CARTESIAN_POINT('',(-57.1712449552941,-21.9399333813507,2.52588764357033));
#2054=CARTESIAN_POINT('',(-57.1712449552941,-21.9399333813507,2.52588764357033));
#2055=CARTESIAN_POINT('Origin',(-56.0212449552941,-21.9399333813507,2.52588764357033));
#2056=CARTESIAN_POINT('Origin',(-56.0212449552941,-21.9399333813507,-4.47411235642967));
#2057=CARTESIAN_POINT('Origin',(-45.,2.63093323515928E-8,2.52588764357033));
#2058=CARTESIAN_POINT('Origin',(-56.0212449552942,18.9600666186494,2.52588764357033));
#2059=CARTESIAN_POINT('',(-57.1712449552942,18.9600666186494,-4.47411235642967));
#2060=CARTESIAN_POINT('Origin',(-56.0212449552942,18.9600666186494,-4.47411235642967));
#2061=CARTESIAN_POINT('',(-57.1712449552942,18.9600666186494,2.52588764357033));
#2062=CARTESIAN_POINT('',(-57.1712449552942,18.9600666186494,2.52588764357033));
#2063=CARTESIAN_POINT('Origin',(-56.0212449552942,18.9600666186494,2.52588764357033));
#2064=CARTESIAN_POINT('Origin',(-56.0212449552942,18.9600666186494,-4.47411235642967));
#2065=CARTESIAN_POINT('Origin',(-45.,2.63093323515928E-8,2.52588764357033));
#2066=CARTESIAN_POINT('Origin',(-116.021244955294,-21.9399333813508,2.52588764357033));
#2067=CARTESIAN_POINT('',(-117.171244955294,-21.9399333813508,-4.47411235642967));
#2068=CARTESIAN_POINT('Origin',(-116.021244955294,-21.9399333813508,-4.47411235642967));
#2069=CARTESIAN_POINT('',(-117.171244955294,-21.9399333813508,2.52588764357033));
#2070=CARTESIAN_POINT('',(-117.171244955294,-21.9399333813508,2.52588764357033));
#2071=CARTESIAN_POINT('Origin',(-116.021244955294,-21.9399333813508,2.52588764357033));
#2072=CARTESIAN_POINT('Origin',(-116.021244955294,-21.9399333813508,-4.47411235642967));
#2073=CARTESIAN_POINT('Origin',(-45.,2.63093323515928E-8,2.52588764357033));
#2074=CARTESIAN_POINT('Origin',(0.,-0.79139952710884,-4.47411235642967));
#2075=CARTESIAN_POINT('',(-46.72,-12.9839566935711,-4.47411235642967));
#2076=CARTESIAN_POINT('',(-46.72,-12.9839566935711,-4.47411235642967));
#2077=CARTESIAN_POINT('',(-46.72,-26.2913995271089,-4.47411235642967));
#2078=CARTESIAN_POINT('',(-46.72,24.7086004728912,-4.47411235642967));
#2079=CARTESIAN_POINT('',(-41.22,-31.7913995271089,-4.47411235642967));
#2080=CARTESIAN_POINT('Origin',(-41.22,-26.2913995271089,-4.47411235642967));
#2081=CARTESIAN_POINT('',(41.22,-31.7913995271089,-4.47411235642967));
#2082=CARTESIAN_POINT('',(-41.22,-31.7913995271089,-4.47411235642967));
#2083=CARTESIAN_POINT('',(46.72,-26.2913995271089,-4.47411235642967));
#2084=CARTESIAN_POINT('Origin',(41.22,-26.2913995271089,-4.47411235642967));
#2085=CARTESIAN_POINT('',(46.72,24.7086004728912,-4.47411235642967));
#2086=CARTESIAN_POINT('',(46.72,-26.2913995271089,-4.47411235642967));
#2087=CARTESIAN_POINT('',(41.22,30.2086004728912,-4.47411235642967));
#2088=CARTESIAN_POINT('Origin',(41.22,24.7086004728912,-4.47411235642967));
#2089=CARTESIAN_POINT('',(-41.22,30.2086004728912,-4.47411235642967));
#2090=CARTESIAN_POINT('',(41.22,30.2086004728912,-4.47411235642967));
#2091=CARTESIAN_POINT('',(-46.72,24.7086004728912,-4.47411235642967));
#2092=CARTESIAN_POINT('Origin',(-41.22,24.7086004728912,-4.47411235642967));
#2093=CARTESIAN_POINT('',(-46.72,11.3775410387065,-4.47411235642967));
#2094=CARTESIAN_POINT('',(-46.72,24.7086004728912,-4.47411235642967));
#2095=CARTESIAN_POINT('',(-49.22,11.3775410387065,-4.47411235642967));
#2096=CARTESIAN_POINT('',(32.32,-23.5713995271089,-4.47411235642967));
#2097=CARTESIAN_POINT('Origin',(33.92,-23.5713995271089,-4.47411235642967));
#2098=CARTESIAN_POINT('',(32.32,21.9886004728912,-4.47411235642967));
#2099=CARTESIAN_POINT('Origin',(33.92,21.9886004728912,-4.47411235642967));
#2100=CARTESIAN_POINT('',(-41.52,21.9886004728912,-4.47411235642967));
#2101=CARTESIAN_POINT('Origin',(-39.92,21.9886004728912,-4.47411235642967));
#2102=CARTESIAN_POINT('',(-41.52,-23.5713995271089,-4.47411235642967));
#2103=CARTESIAN_POINT('Origin',(-39.92,-23.5713995271089,-4.47411235642967));
#2104=CARTESIAN_POINT('Origin',(33.92,-23.5713995271089,-4.47411235642967));
#2105=CARTESIAN_POINT('',(32.32,-23.5713995271089,-6.47411235642967));
#2106=CARTESIAN_POINT('Origin',(33.92,-23.5713995271089,-6.47411235642967));
#2107=CARTESIAN_POINT('',(32.32,-23.5713995271089,-4.47411235642967));
#2108=CARTESIAN_POINT('Origin',(33.92,21.9886004728912,-4.47411235642967));
#2109=CARTESIAN_POINT('',(32.32,21.9886004728912,-6.47411235642967));
#2110=CARTESIAN_POINT('Origin',(33.92,21.9886004728912,-6.47411235642967));
#2111=CARTESIAN_POINT('',(32.32,21.9886004728912,-4.47411235642967));
#2112=CARTESIAN_POINT('Origin',(-39.92,21.9886004728912,-4.47411235642967));
#2113=CARTESIAN_POINT('',(-41.52,21.9886004728912,-6.47411235642967));
#2114=CARTESIAN_POINT('Origin',(-39.92,21.9886004728912,-6.47411235642967));
#2115=CARTESIAN_POINT('',(-41.52,21.9886004728912,-4.47411235642967));
#2116=CARTESIAN_POINT('Origin',(-39.92,-23.5713995271089,-4.47411235642967));
#2117=CARTESIAN_POINT('',(-41.52,-23.5713995271089,-6.47411235642967));
#2118=CARTESIAN_POINT('Origin',(-39.92,-23.5713995271089,-6.47411235642967));
#2119=CARTESIAN_POINT('',(-41.52,-23.5713995271089,-4.47411235642967));
#2120=CARTESIAN_POINT('Origin',(0.,-0.79139952710884,-6.47411235642967));
#2121=CARTESIAN_POINT('Origin',(-46.72,11.3775410387065,2.52588764357033));
#2122=CARTESIAN_POINT('',(-46.72,11.3775410387065,2.52588764357033));
#2123=CARTESIAN_POINT('Origin',(-49.22,-12.9839566935711,2.52588764357033));
#2124=CARTESIAN_POINT('',(-46.72,-12.9839566935711,2.52588764357033));
#2125=CARTESIAN_POINT('Origin',(-45.,2.63093323515928E-8,2.52588764357033));
#2126=CARTESIAN_POINT('Origin',(41.22,30.2086004728912,5.52588764357029));
#2127=CARTESIAN_POINT('',(-41.22,30.2086004728912,5.52588764357029));
#2128=CARTESIAN_POINT('',(41.22,30.2086004728912,5.52588764357029));
#2129=CARTESIAN_POINT('',(41.22,30.2086004728912,5.52588764357029));
#2130=CARTESIAN_POINT('',(-41.22,30.2086004728912,5.52588764357029));
#2131=CARTESIAN_POINT('',(41.22,30.2086004728912,5.52588764357029));
#2132=CARTESIAN_POINT('Origin',(41.22,24.7086004728912,5.52588764357029));
#2133=CARTESIAN_POINT('',(46.72,24.7086004728912,5.52588764357029));
#2134=CARTESIAN_POINT('Origin',(41.22,24.7086004728912,5.52588764357029));
#2135=CARTESIAN_POINT('',(46.72,24.7086004728912,5.52588764357029));
#2136=CARTESIAN_POINT('Origin',(46.72,-26.2913995271089,5.52588764357036));
#2137=CARTESIAN_POINT('',(46.72,-26.2913995271089,5.52588764357036));
#2138=CARTESIAN_POINT('',(46.72,-26.2913995271089,5.52588764357036));
#2139=CARTESIAN_POINT('',(46.72,-26.2913995271089,5.52588764357036));
#2140=CARTESIAN_POINT('Origin',(41.22,-26.2913995271089,5.52588764357036));
#2141=CARTESIAN_POINT('',(41.22,-31.7913995271089,5.52588764357037));
#2142=CARTESIAN_POINT('Origin',(41.22,-26.2913995271089,5.52588764357036));
#2143=CARTESIAN_POINT('',(41.22,-31.7913995271089,5.52588764357037));
#2144=CARTESIAN_POINT('Origin',(-41.22,-31.7913995271089,5.52588764357037));
#2145=CARTESIAN_POINT('',(-41.22,-31.7913995271089,5.52588764357037));
#2146=CARTESIAN_POINT('',(-41.22,-31.7913995271089,5.52588764357037));
#2147=CARTESIAN_POINT('',(-41.22,-31.7913995271089,5.52588764357037));
#2148=CARTESIAN_POINT('Origin',(-41.22,-26.2913995271089,5.52588764357036));
#2149=CARTESIAN_POINT('',(-46.72,-26.2913995271089,5.52588764357036));
#2150=CARTESIAN_POINT('Origin',(-41.22,-26.2913995271089,5.52588764357036));
#2151=CARTESIAN_POINT('',(-46.72,-26.2913995271089,5.52588764357036));
#2152=CARTESIAN_POINT('Origin',(-46.72,24.7086004728912,5.52588764357029));
#2153=CARTESIAN_POINT('',(-46.72,24.7086004728912,5.52588764357029));
#2154=CARTESIAN_POINT('',(-46.72,24.7086004728912,5.52588764357029));
#2155=CARTESIAN_POINT('',(-46.72,24.7086004728912,5.52588764357029));
#2156=CARTESIAN_POINT('Origin',(-41.22,24.7086004728912,5.52588764357029));
#2157=CARTESIAN_POINT('Origin',(-41.22,24.7086004728912,5.52588764357029));
#2158=CARTESIAN_POINT('Origin',(-145.,-49.9999999736907,5.52588764357039));
#2159=CARTESIAN_POINT('',(-145.,50.0000000263093,5.52588764357026));
#2160=CARTESIAN_POINT('Origin',(55.,50.0000000263093,5.52588764357026));
#2161=CARTESIAN_POINT('',(55.,-49.9999999736907,5.52588764357039));
#2162=CARTESIAN_POINT('Origin',(-45.,2.63093367924849E-8,5.52588764357033));
#2163=UNCERTAINTY_MEASURE_WITH_UNIT(LENGTH_MEASURE(0.01),#2167,
'DISTANCE_ACCURACY_VALUE',
'Maximum model space distance between geometric entities at asserted c
onnectivities');
#2164=UNCERTAINTY_MEASURE_WITH_UNIT(LENGTH_MEASURE(0.01),#2167,
'DISTANCE_ACCURACY_VALUE',
'Maximum model space distance between geometric entities at asserted c
onnectivities');
#2165=(
GEOMETRIC_REPRESENTATION_CONTEXT(3)
GLOBAL_UNCERTAINTY_ASSIGNED_CONTEXT((#2163))
GLOBAL_UNIT_ASSIGNED_CONTEXT((#2167,#2169,#2170))
REPRESENTATION_CONTEXT('','3D')
);
#2166=(
GEOMETRIC_REPRESENTATION_CONTEXT(3)
GLOBAL_UNCERTAINTY_ASSIGNED_CONTEXT((#2164))
GLOBAL_UNIT_ASSIGNED_CONTEXT((#2167,#2169,#2170))
REPRESENTATION_CONTEXT('','3D')
);
#2167=(
LENGTH_UNIT()
NAMED_UNIT(*)
SI_UNIT(.MILLI.,.METRE.)
);
#2168=(
LENGTH_UNIT()
NAMED_UNIT(*)
SI_UNIT($,.METRE.)
);
#2169=(
NAMED_UNIT(*)
PLANE_ANGLE_UNIT()
SI_UNIT($,.RADIAN.)
);
#2170=(
NAMED_UNIT(*)
SI_UNIT($,.STERADIAN.)
SOLID_ANGLE_UNIT()
);
#2171=SHAPE_DEFINITION_REPRESENTATION(#2172,#2173);
#2172=PRODUCT_DEFINITION_SHAPE('',$,#2175);
#2173=SHAPE_REPRESENTATION('',(#1239),#2165);
#2174=PRODUCT_DEFINITION_CONTEXT('part definition',#2179,'design');
#2175=PRODUCT_DEFINITION('Face plate','Face plate',#2176,#2174);
#2176=PRODUCT_DEFINITION_FORMATION('',$,#2181);
#2177=PRODUCT_RELATED_PRODUCT_CATEGORY('Face plate','Face plate',(#2181));
#2178=APPLICATION_PROTOCOL_DEFINITION('international standard',
'automotive_design',2009,#2179);
#2179=APPLICATION_CONTEXT(
'Core Data for Automotive Mechanical Design Process');
#2180=PRODUCT_CONTEXT('part definition',#2179,'mechanical');
#2181=PRODUCT('Face plate','Face plate',$,(#2180));
#2182=PRESENTATION_STYLE_ASSIGNMENT((#2183));
#2183=SURFACE_STYLE_USAGE(.BOTH.,#2184);
#2184=SURFACE_SIDE_STYLE('',(#2185));
#2185=SURFACE_STYLE_FILL_AREA(#2186);
#2186=FILL_AREA_STYLE('Steel - Satin',(#2187));
#2187=FILL_AREA_STYLE_COLOUR('Steel - Satin',#2188);
#2188=COLOUR_RGB('Steel - Satin',0.627450980392157,0.627450980392157,0.627450980392157);
ENDSEC;
END-ISO-10303-21;
