ISO-10303-21;
HEADER;
/* Generated by software containing ST-Developer
 * from STEP Tools, Inc. (www.steptools.com) 
 */

FILE_DESCRIPTION(
/* description */ (''),
/* implementation_level */ '2;1');

FILE_NAME(
/* name */ 'Wall mount v2.step',
/* time_stamp */ '2026-04-16T17:05:00+02:00',
/* author */ (''),
/* organization */ (''),
/* preprocessor_version */ 'ST-DEVELOPER v20.1',
/* originating_system */ 'Autodesk Translation Framework v15.8.0.0',
/* authorisation */ '');

FILE_SCHEMA (('AUTOMOTIVE_DESIGN { 1 0 10303 214 3 1 1 }'));
ENDSEC;

DATA;
#10=MECHANICAL_DESIGN_GEOMETRIC_PRESENTATION_REPRESENTATION('',(#13,#14,
#15,#16,#17),#2500);
#11=SHAPE_REPRESENTATION_RELATIONSHIP('SRR','None',#2507,#12);
#12=ADVANCED_BREP_SHAPE_REPRESENTATION('',(#18,#19,#20,#21,#22),#2499);
#13=STYLED_ITEM('',(#2516),#18);
#14=STYLED_ITEM('',(#2516),#19);
#15=STYLED_ITEM('',(#2516),#20);
#16=STYLED_ITEM('',(#2516),#21);
#17=STYLED_ITEM('',(#2516),#22);
#18=MANIFOLD_SOLID_BREP('Body1',#1468);
#19=MANIFOLD_SOLID_BREP('Body2',#1469);
#20=MANIFOLD_SOLID_BREP('Body2',#1470);
#21=MANIFOLD_SOLID_BREP('Body2',#1471);
#22=MANIFOLD_SOLID_BREP('Body3',#1472);
#23=FACE_BOUND('',#196,.T.);
#24=FACE_BOUND('',#197,.T.);
#25=FACE_BOUND('',#198,.T.);
#26=FACE_BOUND('',#199,.T.);
#27=FACE_BOUND('',#200,.T.);
#28=FACE_BOUND('',#201,.T.);
#29=FACE_BOUND('',#202,.T.);
#30=FACE_BOUND('',#203,.T.);
#31=FACE_BOUND('',#204,.T.);
#32=FACE_BOUND('',#205,.T.);
#33=FACE_BOUND('',#206,.T.);
#34=FACE_BOUND('',#208,.T.);
#35=FACE_BOUND('',#209,.T.);
#36=FACE_BOUND('',#210,.T.);
#37=FACE_BOUND('',#211,.T.);
#38=FACE_BOUND('',#212,.T.);
#39=FACE_BOUND('',#213,.T.);
#40=FACE_BOUND('',#214,.T.);
#41=FACE_BOUND('',#215,.T.);
#42=FACE_BOUND('',#216,.T.);
#43=FACE_BOUND('',#217,.T.);
#44=FACE_BOUND('',#218,.T.);
#45=FACE_BOUND('',#223,.T.);
#46=FACE_BOUND('',#225,.T.);
#47=FACE_BOUND('',#230,.T.);
#48=FACE_BOUND('',#232,.T.);
#49=FACE_BOUND('',#234,.T.);
#50=FACE_BOUND('',#235,.T.);
#51=FACE_BOUND('',#236,.T.);
#52=FACE_BOUND('',#237,.T.);
#53=FACE_BOUND('',#238,.T.);
#54=FACE_BOUND('',#240,.T.);
#55=FACE_BOUND('',#241,.T.);
#56=FACE_BOUND('',#242,.T.);
#57=FACE_BOUND('',#243,.T.);
#58=FACE_BOUND('',#244,.T.);
#59=FACE_BOUND('',#253,.T.);
#60=FACE_BOUND('',#255,.T.);
#61=FACE_BOUND('',#290,.T.);
#62=FACE_BOUND('',#292,.T.);
#63=PLANE('',#1519);
#64=PLANE('',#1523);
#65=PLANE('',#1527);
#66=PLANE('',#1531);
#67=PLANE('',#1535);
#68=PLANE('',#1536);
#69=PLANE('',#1546);
#70=PLANE('',#1547);
#71=PLANE('',#1557);
#72=PLANE('',#1558);
#73=PLANE('',#1559);
#74=PLANE('',#1572);
#75=PLANE('',#1586);
#76=PLANE('',#1588);
#77=PLANE('',#1590);
#78=PLANE('',#1592);
#79=PLANE('',#1593);
#80=PLANE('',#1595);
#81=PLANE('',#1597);
#82=PLANE('',#1599);
#83=PLANE('',#1605);
#84=PLANE('',#1606);
#85=PLANE('',#1607);
#86=PLANE('',#1608);
#87=PLANE('',#1609);
#88=PLANE('',#1610);
#89=PLANE('',#1611);
#90=PLANE('',#1615);
#91=PLANE('',#1619);
#92=PLANE('',#1623);
#93=PLANE('',#1630);
#94=PLANE('',#1634);
#95=PLANE('',#1638);
#96=PLANE('',#1642);
#97=PLANE('',#1643);
#98=PLANE('',#1644);
#99=FACE_OUTER_BOUND('',#176,.T.);
#100=FACE_OUTER_BOUND('',#177,.T.);
#101=FACE_OUTER_BOUND('',#178,.T.);
#102=FACE_OUTER_BOUND('',#179,.T.);
#103=FACE_OUTER_BOUND('',#180,.T.);
#104=FACE_OUTER_BOUND('',#181,.T.);
#105=FACE_OUTER_BOUND('',#182,.T.);
#106=FACE_OUTER_BOUND('',#183,.T.);
#107=FACE_OUTER_BOUND('',#184,.T.);
#108=FACE_OUTER_BOUND('',#185,.T.);
#109=FACE_OUTER_BOUND('',#186,.T.);
#110=FACE_OUTER_BOUND('',#187,.T.);
#111=FACE_OUTER_BOUND('',#188,.T.);
#112=FACE_OUTER_BOUND('',#189,.T.);
#113=FACE_OUTER_BOUND('',#190,.T.);
#114=FACE_OUTER_BOUND('',#191,.T.);
#115=FACE_OUTER_BOUND('',#192,.T.);
#116=FACE_OUTER_BOUND('',#193,.T.);
#117=FACE_OUTER_BOUND('',#194,.T.);
#118=FACE_OUTER_BOUND('',#195,.T.);
#119=FACE_OUTER_BOUND('',#207,.T.);
#120=FACE_OUTER_BOUND('',#219,.T.);
#121=FACE_OUTER_BOUND('',#220,.T.);
#122=FACE_OUTER_BOUND('',#221,.T.);
#123=FACE_OUTER_BOUND('',#222,.T.);
#124=FACE_OUTER_BOUND('',#224,.T.);
#125=FACE_OUTER_BOUND('',#226,.T.);
#126=FACE_OUTER_BOUND('',#227,.T.);
#127=FACE_OUTER_BOUND('',#228,.T.);
#128=FACE_OUTER_BOUND('',#229,.T.);
#129=FACE_OUTER_BOUND('',#231,.T.);
#130=FACE_OUTER_BOUND('',#233,.T.);
#131=FACE_OUTER_BOUND('',#239,.T.);
#132=FACE_OUTER_BOUND('',#245,.T.);
#133=FACE_OUTER_BOUND('',#246,.T.);
#134=FACE_OUTER_BOUND('',#247,.T.);
#135=FACE_OUTER_BOUND('',#248,.T.);
#136=FACE_OUTER_BOUND('',#249,.T.);
#137=FACE_OUTER_BOUND('',#250,.T.);
#138=FACE_OUTER_BOUND('',#251,.T.);
#139=FACE_OUTER_BOUND('',#252,.T.);
#140=FACE_OUTER_BOUND('',#254,.T.);
#141=FACE_OUTER_BOUND('',#256,.T.);
#142=FACE_OUTER_BOUND('',#257,.T.);
#143=FACE_OUTER_BOUND('',#258,.T.);
#144=FACE_OUTER_BOUND('',#259,.T.);
#145=FACE_OUTER_BOUND('',#260,.T.);
#146=FACE_OUTER_BOUND('',#261,.T.);
#147=FACE_OUTER_BOUND('',#262,.T.);
#148=FACE_OUTER_BOUND('',#263,.T.);
#149=FACE_OUTER_BOUND('',#264,.T.);
#150=FACE_OUTER_BOUND('',#265,.T.);
#151=FACE_OUTER_BOUND('',#266,.T.);
#152=FACE_OUTER_BOUND('',#267,.T.);
#153=FACE_OUTER_BOUND('',#268,.T.);
#154=FACE_OUTER_BOUND('',#269,.T.);
#155=FACE_OUTER_BOUND('',#270,.T.);
#156=FACE_OUTER_BOUND('',#271,.T.);
#157=FACE_OUTER_BOUND('',#272,.T.);
#158=FACE_OUTER_BOUND('',#273,.T.);
#159=FACE_OUTER_BOUND('',#274,.T.);
#160=FACE_OUTER_BOUND('',#275,.T.);
#161=FACE_OUTER_BOUND('',#276,.T.);
#162=FACE_OUTER_BOUND('',#277,.T.);
#163=FACE_OUTER_BOUND('',#278,.T.);
#164=FACE_OUTER_BOUND('',#279,.T.);
#165=FACE_OUTER_BOUND('',#280,.T.);
#166=FACE_OUTER_BOUND('',#281,.T.);
#167=FACE_OUTER_BOUND('',#282,.T.);
#168=FACE_OUTER_BOUND('',#283,.T.);
#169=FACE_OUTER_BOUND('',#284,.T.);
#170=FACE_OUTER_BOUND('',#285,.T.);
#171=FACE_OUTER_BOUND('',#286,.T.);
#172=FACE_OUTER_BOUND('',#287,.T.);
#173=FACE_OUTER_BOUND('',#288,.T.);
#174=FACE_OUTER_BOUND('',#289,.T.);
#175=FACE_OUTER_BOUND('',#291,.T.);
#176=EDGE_LOOP('',(#948,#949,#950,#951));
#177=EDGE_LOOP('',(#952,#953,#954,#955));
#178=EDGE_LOOP('',(#956,#957,#958,#959));
#179=EDGE_LOOP('',(#960,#961,#962,#963));
#180=EDGE_LOOP('',(#964,#965,#966,#967));
#181=EDGE_LOOP('',(#968,#969,#970,#971));
#182=EDGE_LOOP('',(#972,#973,#974,#975));
#183=EDGE_LOOP('',(#976,#977,#978,#979));
#184=EDGE_LOOP('',(#980,#981,#982,#983));
#185=EDGE_LOOP('',(#984,#985,#986,#987));
#186=EDGE_LOOP('',(#988,#989,#990,#991));
#187=EDGE_LOOP('',(#992,#993,#994,#995));
#188=EDGE_LOOP('',(#996,#997,#998,#999));
#189=EDGE_LOOP('',(#1000,#1001,#1002,#1003));
#190=EDGE_LOOP('',(#1004,#1005,#1006,#1007));
#191=EDGE_LOOP('',(#1008,#1009,#1010,#1011));
#192=EDGE_LOOP('',(#1012,#1013,#1014,#1015));
#193=EDGE_LOOP('',(#1016,#1017,#1018,#1019));
#194=EDGE_LOOP('',(#1020,#1021,#1022,#1023));
#195=EDGE_LOOP('',(#1024,#1025,#1026,#1027,#1028,#1029,#1030,#1031));
#196=EDGE_LOOP('',(#1032));
#197=EDGE_LOOP('',(#1033));
#198=EDGE_LOOP('',(#1034));
#199=EDGE_LOOP('',(#1035));
#200=EDGE_LOOP('',(#1036));
#201=EDGE_LOOP('',(#1037));
#202=EDGE_LOOP('',(#1038));
#203=EDGE_LOOP('',(#1039));
#204=EDGE_LOOP('',(#1040));
#205=EDGE_LOOP('',(#1041));
#206=EDGE_LOOP('',(#1042));
#207=EDGE_LOOP('',(#1043,#1044,#1045,#1046,#1047,#1048,#1049,#1050));
#208=EDGE_LOOP('',(#1051));
#209=EDGE_LOOP('',(#1052));
#210=EDGE_LOOP('',(#1053));
#211=EDGE_LOOP('',(#1054));
#212=EDGE_LOOP('',(#1055));
#213=EDGE_LOOP('',(#1056));
#214=EDGE_LOOP('',(#1057));
#215=EDGE_LOOP('',(#1058));
#216=EDGE_LOOP('',(#1059));
#217=EDGE_LOOP('',(#1060));
#218=EDGE_LOOP('',(#1061));
#219=EDGE_LOOP('',(#1062,#1063,#1064,#1065));
#220=EDGE_LOOP('',(#1066,#1067,#1068,#1069));
#221=EDGE_LOOP('',(#1070,#1071,#1072,#1073));
#222=EDGE_LOOP('',(#1074,#1075));
#223=EDGE_LOOP('',(#1076));
#224=EDGE_LOOP('',(#1077,#1078));
#225=EDGE_LOOP('',(#1079));
#226=EDGE_LOOP('',(#1080,#1081,#1082,#1083));
#227=EDGE_LOOP('',(#1084,#1085,#1086,#1087));
#228=EDGE_LOOP('',(#1088,#1089,#1090,#1091));
#229=EDGE_LOOP('',(#1092,#1093));
#230=EDGE_LOOP('',(#1094));
#231=EDGE_LOOP('',(#1095,#1096));
#232=EDGE_LOOP('',(#1097));
#233=EDGE_LOOP('',(#1098,#1099,#1100,#1101,#1102,#1103,#1104,#1105));
#234=EDGE_LOOP('',(#1106,#1107,#1108,#1109,#1110,#1111,#1112,#1113,#1114,
#1115));
#235=EDGE_LOOP('',(#1116));
#236=EDGE_LOOP('',(#1117));
#237=EDGE_LOOP('',(#1118));
#238=EDGE_LOOP('',(#1119));
#239=EDGE_LOOP('',(#1120,#1121,#1122,#1123,#1124,#1125,#1126,#1127));
#240=EDGE_LOOP('',(#1128,#1129,#1130,#1131,#1132,#1133,#1134,#1135,#1136,
#1137));
#241=EDGE_LOOP('',(#1138));
#242=EDGE_LOOP('',(#1139));
#243=EDGE_LOOP('',(#1140));
#244=EDGE_LOOP('',(#1141));
#245=EDGE_LOOP('',(#1142,#1143,#1144,#1145));
#246=EDGE_LOOP('',(#1146,#1147,#1148,#1149));
#247=EDGE_LOOP('',(#1150,#1151,#1152,#1153));
#248=EDGE_LOOP('',(#1154,#1155,#1156,#1157));
#249=EDGE_LOOP('',(#1158,#1159,#1160,#1161));
#250=EDGE_LOOP('',(#1162,#1163,#1164,#1165));
#251=EDGE_LOOP('',(#1166,#1167,#1168,#1169));
#252=EDGE_LOOP('',(#1170,#1171,#1172,#1173));
#253=EDGE_LOOP('',(#1174,#1175,#1176,#1177));
#254=EDGE_LOOP('',(#1178,#1179,#1180,#1181));
#255=EDGE_LOOP('',(#1182,#1183,#1184,#1185));
#256=EDGE_LOOP('',(#1186,#1187,#1188,#1189));
#257=EDGE_LOOP('',(#1190,#1191,#1192,#1193));
#258=EDGE_LOOP('',(#1194,#1195,#1196,#1197));
#259=EDGE_LOOP('',(#1198,#1199,#1200,#1201));
#260=EDGE_LOOP('',(#1202,#1203,#1204,#1205));
#261=EDGE_LOOP('',(#1206,#1207,#1208,#1209));
#262=EDGE_LOOP('',(#1210,#1211,#1212,#1213));
#263=EDGE_LOOP('',(#1214,#1215,#1216,#1217));
#264=EDGE_LOOP('',(#1218,#1219,#1220,#1221));
#265=EDGE_LOOP('',(#1222,#1223,#1224,#1225));
#266=EDGE_LOOP('',(#1226,#1227,#1228,#1229));
#267=EDGE_LOOP('',(#1230,#1231,#1232,#1233));
#268=EDGE_LOOP('',(#1234,#1235,#1236,#1237));
#269=EDGE_LOOP('',(#1238,#1239,#1240,#1241));
#270=EDGE_LOOP('',(#1242,#1243,#1244,#1245));
#271=EDGE_LOOP('',(#1246,#1247,#1248,#1249));
#272=EDGE_LOOP('',(#1250,#1251,#1252,#1253));
#273=EDGE_LOOP('',(#1254,#1255,#1256,#1257));
#274=EDGE_LOOP('',(#1258,#1259,#1260,#1261));
#275=EDGE_LOOP('',(#1262,#1263,#1264,#1265));
#276=EDGE_LOOP('',(#1266,#1267,#1268,#1269));
#277=EDGE_LOOP('',(#1270,#1271,#1272,#1273));
#278=EDGE_LOOP('',(#1274,#1275,#1276,#1277));
#279=EDGE_LOOP('',(#1278,#1279,#1280,#1281));
#280=EDGE_LOOP('',(#1282,#1283,#1284,#1285));
#281=EDGE_LOOP('',(#1286,#1287,#1288,#1289));
#282=EDGE_LOOP('',(#1290,#1291,#1292,#1293));
#283=EDGE_LOOP('',(#1294,#1295,#1296,#1297));
#284=EDGE_LOOP('',(#1298,#1299,#1300,#1301));
#285=EDGE_LOOP('',(#1302,#1303,#1304,#1305));
#286=EDGE_LOOP('',(#1306,#1307,#1308,#1309));
#287=EDGE_LOOP('',(#1310,#1311,#1312,#1313));
#288=EDGE_LOOP('',(#1314,#1315,#1316,#1317));
#289=EDGE_LOOP('',(#1318,#1319,#1320,#1321,#1322,#1323,#1324,#1325));
#290=EDGE_LOOP('',(#1326,#1327,#1328,#1329,#1330,#1331,#1332,#1333));
#291=EDGE_LOOP('',(#1334,#1335,#1336,#1337,#1338,#1339,#1340,#1341));
#292=EDGE_LOOP('',(#1342,#1343,#1344,#1345,#1346,#1347,#1348,#1349));
#293=LINE('',#2089,#412);
#294=LINE('',#2095,#413);
#295=LINE('',#2101,#414);
#296=LINE('',#2107,#415);
#297=LINE('',#2113,#416);
#298=LINE('',#2119,#417);
#299=LINE('',#2125,#418);
#300=LINE('',#2131,#419);
#301=LINE('',#2137,#420);
#302=LINE('',#2143,#421);
#303=LINE('',#2149,#422);
#304=LINE('',#2154,#423);
#305=LINE('',#2156,#424);
#306=LINE('',#2158,#425);
#307=LINE('',#2159,#426);
#308=LINE('',#2165,#427);
#309=LINE('',#2168,#428);
#310=LINE('',#2170,#429);
#311=LINE('',#2171,#430);
#312=LINE('',#2177,#431);
#313=LINE('',#2180,#432);
#314=LINE('',#2182,#433);
#315=LINE('',#2183,#434);
#316=LINE('',#2189,#435);
#317=LINE('',#2192,#436);
#318=LINE('',#2194,#437);
#319=LINE('',#2195,#438);
#320=LINE('',#2204,#439);
#321=LINE('',#2208,#440);
#322=LINE('',#2214,#441);
#323=LINE('',#2224,#442);
#324=LINE('',#2228,#443);
#325=LINE('',#2234,#444);
#326=LINE('',#2246,#445);
#327=LINE('',#2250,#446);
#328=LINE('',#2254,#447);
#329=LINE('',#2257,#448);
#330=LINE('',#2260,#449);
#331=LINE('',#2264,#450);
#332=LINE('',#2266,#451);
#333=LINE('',#2270,#452);
#334=LINE('',#2274,#453);
#335=LINE('',#2276,#454);
#336=LINE('',#2291,#455);
#337=LINE('',#2295,#456);
#338=LINE('',#2299,#457);
#339=LINE('',#2302,#458);
#340=LINE('',#2305,#459);
#341=LINE('',#2309,#460);
#342=LINE('',#2311,#461);
#343=LINE('',#2315,#462);
#344=LINE('',#2319,#463);
#345=LINE('',#2321,#464);
#346=LINE('',#2332,#465);
#347=LINE('',#2333,#466);
#348=LINE('',#2335,#467);
#349=LINE('',#2337,#468);
#350=LINE('',#2339,#469);
#351=LINE('',#2341,#470);
#352=LINE('',#2343,#471);
#353=LINE('',#2345,#472);
#354=LINE('',#2349,#473);
#355=LINE('',#2351,#474);
#356=LINE('',#2353,#475);
#357=LINE('',#2354,#476);
#358=LINE('',#2356,#477);
#359=LINE('',#2357,#478);
#360=LINE('',#2360,#479);
#361=LINE('',#2362,#480);
#362=LINE('',#2364,#481);
#363=LINE('',#2365,#482);
#364=LINE('',#2367,#483);
#365=LINE('',#2369,#484);
#366=LINE('',#2371,#485);
#367=LINE('',#2372,#486);
#368=LINE('',#2374,#487);
#369=LINE('',#2376,#488);
#370=LINE('',#2378,#489);
#371=LINE('',#2380,#490);
#372=LINE('',#2382,#491);
#373=LINE('',#2384,#492);
#374=LINE('',#2386,#493);
#375=LINE('',#2388,#494);
#376=LINE('',#2392,#495);
#377=LINE('',#2393,#496);
#378=LINE('',#2395,#497);
#379=LINE('',#2397,#498);
#380=LINE('',#2402,#499);
#381=LINE('',#2404,#500);
#382=LINE('',#2406,#501);
#383=LINE('',#2407,#502);
#384=LINE('',#2413,#503);
#385=LINE('',#2416,#504);
#386=LINE('',#2418,#505);
#387=LINE('',#2419,#506);
#388=LINE('',#2425,#507);
#389=LINE('',#2428,#508);
#390=LINE('',#2430,#509);
#391=LINE('',#2431,#510);
#392=LINE('',#2437,#511);
#393=LINE('',#2440,#512);
#394=LINE('',#2442,#513);
#395=LINE('',#2443,#514);
#396=LINE('',#2452,#515);
#397=LINE('',#2455,#516);
#398=LINE('',#2458,#517);
#399=LINE('',#2460,#518);
#400=LINE('',#2461,#519);
#401=LINE('',#2467,#520);
#402=LINE('',#2470,#521);
#403=LINE('',#2472,#522);
#404=LINE('',#2473,#523);
#405=LINE('',#2479,#524);
#406=LINE('',#2482,#525);
#407=LINE('',#2484,#526);
#408=LINE('',#2485,#527);
#409=LINE('',#2491,#528);
#410=LINE('',#2493,#529);
#411=LINE('',#2494,#530);
#412=VECTOR('',#1651,1.6);
#413=VECTOR('',#1658,1.6);
#414=VECTOR('',#1665,1.6);
#415=VECTOR('',#1672,1.6);
#416=VECTOR('',#1679,1.6);
#417=VECTOR('',#1686,1.6);
#418=VECTOR('',#1693,2.5);
#419=VECTOR('',#1700,2.5);
#420=VECTOR('',#1707,15.);
#421=VECTOR('',#1714,2.5);
#422=VECTOR('',#1721,2.5);
#423=VECTOR('',#1726,10.);
#424=VECTOR('',#1727,10.);
#425=VECTOR('',#1728,10.);
#426=VECTOR('',#1729,10.);
#427=VECTOR('',#1736,10.);
#428=VECTOR('',#1739,10.);
#429=VECTOR('',#1740,10.);
#430=VECTOR('',#1741,10.);
#431=VECTOR('',#1748,10.);
#432=VECTOR('',#1751,10.);
#433=VECTOR('',#1752,10.);
#434=VECTOR('',#1753,10.);
#435=VECTOR('',#1760,10.);
#436=VECTOR('',#1763,10.);
#437=VECTOR('',#1764,10.);
#438=VECTOR('',#1765,10.);
#439=VECTOR('',#1778,3.99999999999999);
#440=VECTOR('',#1781,10.);
#441=VECTOR('',#1788,1.4);
#442=VECTOR('',#1803,3.99999999999999);
#443=VECTOR('',#1806,10.);
#444=VECTOR('',#1813,1.4);
#445=VECTOR('',#1830,10.);
#446=VECTOR('',#1833,10.);
#447=VECTOR('',#1836,10.);
#448=VECTOR('',#1839,10.);
#449=VECTOR('',#1840,10.);
#450=VECTOR('',#1843,10.);
#451=VECTOR('',#1844,10.);
#452=VECTOR('',#1847,10.);
#453=VECTOR('',#1850,10.);
#454=VECTOR('',#1851,10.);
#455=VECTOR('',#1866,10.);
#456=VECTOR('',#1869,10.);
#457=VECTOR('',#1872,10.);
#458=VECTOR('',#1875,10.);
#459=VECTOR('',#1876,10.);
#460=VECTOR('',#1879,10.);
#461=VECTOR('',#1880,10.);
#462=VECTOR('',#1883,10.);
#463=VECTOR('',#1886,10.);
#464=VECTOR('',#1887,10.);
#465=VECTOR('',#1900,10.);
#466=VECTOR('',#1901,10.);
#467=VECTOR('',#1904,10.);
#468=VECTOR('',#1907,10.);
#469=VECTOR('',#1910,10.);
#470=VECTOR('',#1913,10.);
#471=VECTOR('',#1916,10.);
#472=VECTOR('',#1919,10.);
#473=VECTOR('',#1922,10.);
#474=VECTOR('',#1923,10.);
#475=VECTOR('',#1924,10.);
#476=VECTOR('',#1925,10.);
#477=VECTOR('',#1928,10.);
#478=VECTOR('',#1929,10.);
#479=VECTOR('',#1930,10.);
#480=VECTOR('',#1931,10.);
#481=VECTOR('',#1932,10.);
#482=VECTOR('',#1933,10.);
#483=VECTOR('',#1936,10.);
#484=VECTOR('',#1939,10.);
#485=VECTOR('',#1942,10.);
#486=VECTOR('',#1943,10.);
#487=VECTOR('',#1946,10.);
#488=VECTOR('',#1949,10.);
#489=VECTOR('',#1952,10.);
#490=VECTOR('',#1955,10.);
#491=VECTOR('',#1958,1.40000000000001);
#492=VECTOR('',#1961,1.4);
#493=VECTOR('',#1964,1.40000000000001);
#494=VECTOR('',#1967,1.40000000000001);
#495=VECTOR('',#1974,10.);
#496=VECTOR('',#1975,10.);
#497=VECTOR('',#1978,10.);
#498=VECTOR('',#1981,10.);
#499=VECTOR('',#1986,10.);
#500=VECTOR('',#1987,10.);
#501=VECTOR('',#1988,10.);
#502=VECTOR('',#1989,10.);
#503=VECTOR('',#1996,10.);
#504=VECTOR('',#1999,10.);
#505=VECTOR('',#2000,10.);
#506=VECTOR('',#2001,10.);
#507=VECTOR('',#2008,10.);
#508=VECTOR('',#2011,10.);
#509=VECTOR('',#2012,10.);
#510=VECTOR('',#2013,10.);
#511=VECTOR('',#2020,10.);
#512=VECTOR('',#2023,10.);
#513=VECTOR('',#2024,10.);
#514=VECTOR('',#2025,10.);
#515=VECTOR('',#2036,10.);
#516=VECTOR('',#2039,10.);
#517=VECTOR('',#2042,10.);
#518=VECTOR('',#2043,10.);
#519=VECTOR('',#2044,10.);
#520=VECTOR('',#2051,10.);
#521=VECTOR('',#2054,10.);
#522=VECTOR('',#2055,10.);
#523=VECTOR('',#2056,10.);
#524=VECTOR('',#2063,10.);
#525=VECTOR('',#2066,10.);
#526=VECTOR('',#2067,10.);
#527=VECTOR('',#2068,10.);
#528=VECTOR('',#2075,10.);
#529=VECTOR('',#2078,10.);
#530=VECTOR('',#2079,10.);
#531=CIRCLE('',#1487,1.6);
#532=CIRCLE('',#1488,1.6);
#533=CIRCLE('',#1490,1.6);
#534=CIRCLE('',#1491,1.6);
#535=CIRCLE('',#1493,1.6);
#536=CIRCLE('',#1494,1.6);
#537=CIRCLE('',#1496,1.6);
#538=CIRCLE('',#1497,1.6);
#539=CIRCLE('',#1499,1.6);
#540=CIRCLE('',#1500,1.6);
#541=CIRCLE('',#1502,1.6);
#542=CIRCLE('',#1503,1.6);
#543=CIRCLE('',#1505,2.5);
#544=CIRCLE('',#1506,2.5);
#545=CIRCLE('',#1508,2.5);
#546=CIRCLE('',#1509,2.5);
#547=CIRCLE('',#1511,15.);
#548=CIRCLE('',#1512,15.);
#549=CIRCLE('',#1514,2.5);
#550=CIRCLE('',#1515,2.5);
#551=CIRCLE('',#1517,2.5);
#552=CIRCLE('',#1518,2.5);
#553=CIRCLE('',#1521,8.);
#554=CIRCLE('',#1522,8.);
#555=CIRCLE('',#1525,8.);
#556=CIRCLE('',#1526,8.);
#557=CIRCLE('',#1529,8.00000000000001);
#558=CIRCLE('',#1530,8.00000000000001);
#559=CIRCLE('',#1533,7.99999999999999);
#560=CIRCLE('',#1534,7.99999999999999);
#561=CIRCLE('',#1538,3.99999999999999);
#562=CIRCLE('',#1539,3.99999999999999);
#563=CIRCLE('',#1541,1.4);
#564=CIRCLE('',#1542,1.4);
#565=CIRCLE('',#1544,3.99999999999999);
#566=CIRCLE('',#1545,3.99999999999999);
#567=CIRCLE('',#1549,3.99999999999999);
#568=CIRCLE('',#1550,3.99999999999999);
#569=CIRCLE('',#1552,1.4);
#570=CIRCLE('',#1553,1.4);
#571=CIRCLE('',#1555,3.99999999999999);
#572=CIRCLE('',#1556,3.99999999999999);
#573=CIRCLE('',#1560,8.00000000000001);
#574=CIRCLE('',#1561,8.00000000000001);
#575=CIRCLE('',#1562,8.);
#576=CIRCLE('',#1563,8.00000000000001);
#577=CIRCLE('',#1564,3.99999999999997);
#578=CIRCLE('',#1565,3.99999999999999);
#579=CIRCLE('',#1566,4.);
#580=CIRCLE('',#1567,3.99999999999999);
#581=CIRCLE('',#1568,1.40000000000001);
#582=CIRCLE('',#1569,1.4);
#583=CIRCLE('',#1570,1.40000000000001);
#584=CIRCLE('',#1571,1.40000000000001);
#585=CIRCLE('',#1573,8.00000000000001);
#586=CIRCLE('',#1574,8.00000000000001);
#587=CIRCLE('',#1575,8.);
#588=CIRCLE('',#1576,8.00000000000001);
#589=CIRCLE('',#1577,3.99999999999999);
#590=CIRCLE('',#1578,4.);
#591=CIRCLE('',#1579,3.99999999999999);
#592=CIRCLE('',#1580,3.99999999999997);
#593=CIRCLE('',#1581,1.40000000000001);
#594=CIRCLE('',#1582,1.4);
#595=CIRCLE('',#1583,1.40000000000001);
#596=CIRCLE('',#1584,1.40000000000001);
#597=CIRCLE('',#1613,5.5);
#598=CIRCLE('',#1614,5.5);
#599=CIRCLE('',#1617,5.50000000000001);
#600=CIRCLE('',#1618,5.50000000000001);
#601=CIRCLE('',#1621,5.50000000000001);
#602=CIRCLE('',#1622,5.50000000000001);
#603=CIRCLE('',#1625,5.49999999999998);
#604=CIRCLE('',#1626,5.49999999999998);
#605=CIRCLE('',#1628,8.00000000000001);
#606=CIRCLE('',#1629,8.00000000000001);
#607=CIRCLE('',#1632,7.99999999999998);
#608=CIRCLE('',#1633,7.99999999999998);
#609=CIRCLE('',#1636,8.);
#610=CIRCLE('',#1637,8.);
#611=CIRCLE('',#1640,7.99999999999999);
#612=CIRCLE('',#1641,7.99999999999999);
#613=VERTEX_POINT('',#2086);
#614=VERTEX_POINT('',#2088);
#615=VERTEX_POINT('',#2092);
#616=VERTEX_POINT('',#2094);
#617=VERTEX_POINT('',#2098);
#618=VERTEX_POINT('',#2100);
#619=VERTEX_POINT('',#2104);
#620=VERTEX_POINT('',#2106);
#621=VERTEX_POINT('',#2110);
#622=VERTEX_POINT('',#2112);
#623=VERTEX_POINT('',#2116);
#624=VERTEX_POINT('',#2118);
#625=VERTEX_POINT('',#2122);
#626=VERTEX_POINT('',#2124);
#627=VERTEX_POINT('',#2128);
#628=VERTEX_POINT('',#2130);
#629=VERTEX_POINT('',#2134);
#630=VERTEX_POINT('',#2136);
#631=VERTEX_POINT('',#2140);
#632=VERTEX_POINT('',#2142);
#633=VERTEX_POINT('',#2146);
#634=VERTEX_POINT('',#2148);
#635=VERTEX_POINT('',#2152);
#636=VERTEX_POINT('',#2153);
#637=VERTEX_POINT('',#2155);
#638=VERTEX_POINT('',#2157);
#639=VERTEX_POINT('',#2161);
#640=VERTEX_POINT('',#2163);
#641=VERTEX_POINT('',#2167);
#642=VERTEX_POINT('',#2169);
#643=VERTEX_POINT('',#2173);
#644=VERTEX_POINT('',#2175);
#645=VERTEX_POINT('',#2179);
#646=VERTEX_POINT('',#2181);
#647=VERTEX_POINT('',#2185);
#648=VERTEX_POINT('',#2187);
#649=VERTEX_POINT('',#2191);
#650=VERTEX_POINT('',#2193);
#651=VERTEX_POINT('',#2202);
#652=VERTEX_POINT('',#2203);
#653=VERTEX_POINT('',#2205);
#654=VERTEX_POINT('',#2207);
#655=VERTEX_POINT('',#2211);
#656=VERTEX_POINT('',#2213);
#657=VERTEX_POINT('',#2222);
#658=VERTEX_POINT('',#2223);
#659=VERTEX_POINT('',#2225);
#660=VERTEX_POINT('',#2227);
#661=VERTEX_POINT('',#2231);
#662=VERTEX_POINT('',#2233);
#663=VERTEX_POINT('',#2242);
#664=VERTEX_POINT('',#2243);
#665=VERTEX_POINT('',#2245);
#666=VERTEX_POINT('',#2247);
#667=VERTEX_POINT('',#2249);
#668=VERTEX_POINT('',#2251);
#669=VERTEX_POINT('',#2253);
#670=VERTEX_POINT('',#2255);
#671=VERTEX_POINT('',#2258);
#672=VERTEX_POINT('',#2259);
#673=VERTEX_POINT('',#2261);
#674=VERTEX_POINT('',#2263);
#675=VERTEX_POINT('',#2265);
#676=VERTEX_POINT('',#2267);
#677=VERTEX_POINT('',#2269);
#678=VERTEX_POINT('',#2271);
#679=VERTEX_POINT('',#2273);
#680=VERTEX_POINT('',#2275);
#681=VERTEX_POINT('',#2278);
#682=VERTEX_POINT('',#2280);
#683=VERTEX_POINT('',#2282);
#684=VERTEX_POINT('',#2284);
#685=VERTEX_POINT('',#2287);
#686=VERTEX_POINT('',#2288);
#687=VERTEX_POINT('',#2290);
#688=VERTEX_POINT('',#2292);
#689=VERTEX_POINT('',#2294);
#690=VERTEX_POINT('',#2296);
#691=VERTEX_POINT('',#2298);
#692=VERTEX_POINT('',#2300);
#693=VERTEX_POINT('',#2303);
#694=VERTEX_POINT('',#2304);
#695=VERTEX_POINT('',#2306);
#696=VERTEX_POINT('',#2308);
#697=VERTEX_POINT('',#2310);
#698=VERTEX_POINT('',#2312);
#699=VERTEX_POINT('',#2314);
#700=VERTEX_POINT('',#2316);
#701=VERTEX_POINT('',#2318);
#702=VERTEX_POINT('',#2320);
#703=VERTEX_POINT('',#2323);
#704=VERTEX_POINT('',#2325);
#705=VERTEX_POINT('',#2327);
#706=VERTEX_POINT('',#2329);
#707=VERTEX_POINT('',#2347);
#708=VERTEX_POINT('',#2348);
#709=VERTEX_POINT('',#2350);
#710=VERTEX_POINT('',#2352);
#711=VERTEX_POINT('',#2358);
#712=VERTEX_POINT('',#2359);
#713=VERTEX_POINT('',#2361);
#714=VERTEX_POINT('',#2363);
#715=VERTEX_POINT('',#2400);
#716=VERTEX_POINT('',#2401);
#717=VERTEX_POINT('',#2403);
#718=VERTEX_POINT('',#2405);
#719=VERTEX_POINT('',#2409);
#720=VERTEX_POINT('',#2411);
#721=VERTEX_POINT('',#2415);
#722=VERTEX_POINT('',#2417);
#723=VERTEX_POINT('',#2421);
#724=VERTEX_POINT('',#2423);
#725=VERTEX_POINT('',#2427);
#726=VERTEX_POINT('',#2429);
#727=VERTEX_POINT('',#2433);
#728=VERTEX_POINT('',#2435);
#729=VERTEX_POINT('',#2439);
#730=VERTEX_POINT('',#2441);
#731=VERTEX_POINT('',#2448);
#732=VERTEX_POINT('',#2449);
#733=VERTEX_POINT('',#2451);
#734=VERTEX_POINT('',#2453);
#735=VERTEX_POINT('',#2457);
#736=VERTEX_POINT('',#2459);
#737=VERTEX_POINT('',#2463);
#738=VERTEX_POINT('',#2465);
#739=VERTEX_POINT('',#2469);
#740=VERTEX_POINT('',#2471);
#741=VERTEX_POINT('',#2475);
#742=VERTEX_POINT('',#2477);
#743=VERTEX_POINT('',#2481);
#744=VERTEX_POINT('',#2483);
#745=VERTEX_POINT('',#2487);
#746=VERTEX_POINT('',#2489);
#747=EDGE_CURVE('',#613,#613,#531,.T.);
#748=EDGE_CURVE('',#613,#614,#293,.T.);
#749=EDGE_CURVE('',#614,#614,#532,.T.);
#750=EDGE_CURVE('',#615,#615,#533,.T.);
#751=EDGE_CURVE('',#615,#616,#294,.T.);
#752=EDGE_CURVE('',#616,#616,#534,.T.);
#753=EDGE_CURVE('',#617,#617,#535,.T.);
#754=EDGE_CURVE('',#617,#618,#295,.T.);
#755=EDGE_CURVE('',#618,#618,#536,.T.);
#756=EDGE_CURVE('',#619,#619,#537,.T.);
#757=EDGE_CURVE('',#619,#620,#296,.T.);
#758=EDGE_CURVE('',#620,#620,#538,.T.);
#759=EDGE_CURVE('',#621,#621,#539,.T.);
#760=EDGE_CURVE('',#621,#622,#297,.T.);
#761=EDGE_CURVE('',#622,#622,#540,.T.);
#762=EDGE_CURVE('',#623,#623,#541,.T.);
#763=EDGE_CURVE('',#623,#624,#298,.T.);
#764=EDGE_CURVE('',#624,#624,#542,.T.);
#765=EDGE_CURVE('',#625,#625,#543,.T.);
#766=EDGE_CURVE('',#625,#626,#299,.T.);
#767=EDGE_CURVE('',#626,#626,#544,.T.);
#768=EDGE_CURVE('',#627,#627,#545,.T.);
#769=EDGE_CURVE('',#627,#628,#300,.T.);
#770=EDGE_CURVE('',#628,#628,#546,.T.);
#771=EDGE_CURVE('',#629,#629,#547,.T.);
#772=EDGE_CURVE('',#629,#630,#301,.T.);
#773=EDGE_CURVE('',#630,#630,#548,.T.);
#774=EDGE_CURVE('',#631,#631,#549,.T.);
#775=EDGE_CURVE('',#631,#632,#302,.T.);
#776=EDGE_CURVE('',#632,#632,#550,.T.);
#777=EDGE_CURVE('',#633,#633,#551,.T.);
#778=EDGE_CURVE('',#633,#634,#303,.T.);
#779=EDGE_CURVE('',#634,#634,#552,.T.);
#780=EDGE_CURVE('',#635,#636,#304,.T.);
#781=EDGE_CURVE('',#635,#637,#305,.T.);
#782=EDGE_CURVE('',#638,#637,#306,.T.);
#783=EDGE_CURVE('',#636,#638,#307,.T.);
#784=EDGE_CURVE('',#639,#636,#553,.T.);
#785=EDGE_CURVE('',#640,#638,#554,.T.);
#786=EDGE_CURVE('',#639,#640,#308,.T.);
#787=EDGE_CURVE('',#639,#641,#309,.T.);
#788=EDGE_CURVE('',#642,#640,#310,.T.);
#789=EDGE_CURVE('',#641,#642,#311,.T.);
#790=EDGE_CURVE('',#643,#641,#555,.T.);
#791=EDGE_CURVE('',#644,#642,#556,.T.);
#792=EDGE_CURVE('',#643,#644,#312,.T.);
#793=EDGE_CURVE('',#643,#645,#313,.T.);
#794=EDGE_CURVE('',#646,#644,#314,.T.);
#795=EDGE_CURVE('',#645,#646,#315,.T.);
#796=EDGE_CURVE('',#647,#645,#557,.T.);
#797=EDGE_CURVE('',#648,#646,#558,.T.);
#798=EDGE_CURVE('',#647,#648,#316,.T.);
#799=EDGE_CURVE('',#647,#649,#317,.T.);
#800=EDGE_CURVE('',#650,#648,#318,.T.);
#801=EDGE_CURVE('',#649,#650,#319,.T.);
#802=EDGE_CURVE('',#635,#649,#559,.T.);
#803=EDGE_CURVE('',#637,#650,#560,.T.);
#804=EDGE_CURVE('',#651,#652,#320,.T.);
#805=EDGE_CURVE('',#653,#651,#561,.T.);
#806=EDGE_CURVE('',#654,#653,#321,.T.);
#807=EDGE_CURVE('',#654,#652,#562,.T.);
#808=EDGE_CURVE('',#655,#655,#563,.T.);
#809=EDGE_CURVE('',#655,#656,#322,.T.);
#810=EDGE_CURVE('',#656,#656,#564,.T.);
#811=EDGE_CURVE('',#652,#654,#565,.T.);
#812=EDGE_CURVE('',#651,#653,#566,.T.);
#813=EDGE_CURVE('',#657,#658,#323,.T.);
#814=EDGE_CURVE('',#659,#657,#567,.T.);
#815=EDGE_CURVE('',#660,#659,#324,.T.);
#816=EDGE_CURVE('',#660,#658,#568,.T.);
#817=EDGE_CURVE('',#661,#661,#569,.T.);
#818=EDGE_CURVE('',#661,#662,#325,.T.);
#819=EDGE_CURVE('',#662,#662,#570,.T.);
#820=EDGE_CURVE('',#658,#660,#571,.T.);
#821=EDGE_CURVE('',#657,#659,#572,.T.);
#822=EDGE_CURVE('',#663,#664,#573,.T.);
#823=EDGE_CURVE('',#665,#663,#326,.T.);
#824=EDGE_CURVE('',#666,#665,#574,.T.);
#825=EDGE_CURVE('',#667,#666,#327,.T.);
#826=EDGE_CURVE('',#668,#667,#575,.T.);
#827=EDGE_CURVE('',#669,#668,#328,.T.);
#828=EDGE_CURVE('',#670,#669,#576,.T.);
#829=EDGE_CURVE('',#664,#670,#329,.T.);
#830=EDGE_CURVE('',#671,#672,#330,.T.);
#831=EDGE_CURVE('',#673,#671,#577,.T.);
#832=EDGE_CURVE('',#674,#673,#331,.T.);
#833=EDGE_CURVE('',#675,#674,#332,.T.);
#834=EDGE_CURVE('',#676,#675,#578,.T.);
#835=EDGE_CURVE('',#677,#676,#333,.T.);
#836=EDGE_CURVE('',#678,#677,#579,.T.);
#837=EDGE_CURVE('',#679,#678,#334,.T.);
#838=EDGE_CURVE('',#680,#679,#335,.T.);
#839=EDGE_CURVE('',#672,#680,#580,.T.);
#840=EDGE_CURVE('',#681,#681,#581,.T.);
#841=EDGE_CURVE('',#682,#682,#582,.T.);
#842=EDGE_CURVE('',#683,#683,#583,.T.);
#843=EDGE_CURVE('',#684,#684,#584,.T.);
#844=EDGE_CURVE('',#685,#686,#585,.T.);
#845=EDGE_CURVE('',#686,#687,#336,.T.);
#846=EDGE_CURVE('',#687,#688,#586,.T.);
#847=EDGE_CURVE('',#688,#689,#337,.T.);
#848=EDGE_CURVE('',#689,#690,#587,.T.);
#849=EDGE_CURVE('',#690,#691,#338,.T.);
#850=EDGE_CURVE('',#691,#692,#588,.T.);
#851=EDGE_CURVE('',#692,#685,#339,.T.);
#852=EDGE_CURVE('',#693,#694,#340,.T.);
#853=EDGE_CURVE('',#694,#695,#589,.T.);
#854=EDGE_CURVE('',#695,#696,#341,.T.);
#855=EDGE_CURVE('',#696,#697,#342,.T.);
#856=EDGE_CURVE('',#697,#698,#590,.T.);
#857=EDGE_CURVE('',#698,#699,#343,.T.);
#858=EDGE_CURVE('',#699,#700,#591,.T.);
#859=EDGE_CURVE('',#700,#701,#344,.T.);
#860=EDGE_CURVE('',#701,#702,#345,.T.);
#861=EDGE_CURVE('',#702,#693,#592,.T.);
#862=EDGE_CURVE('',#703,#703,#593,.T.);
#863=EDGE_CURVE('',#704,#704,#594,.T.);
#864=EDGE_CURVE('',#705,#705,#595,.T.);
#865=EDGE_CURVE('',#706,#706,#596,.T.);
#866=EDGE_CURVE('',#664,#686,#346,.T.);
#867=EDGE_CURVE('',#663,#685,#347,.T.);
#868=EDGE_CURVE('',#670,#687,#348,.T.);
#869=EDGE_CURVE('',#669,#688,#349,.T.);
#870=EDGE_CURVE('',#668,#689,#350,.T.);
#871=EDGE_CURVE('',#667,#690,#351,.T.);
#872=EDGE_CURVE('',#666,#691,#352,.T.);
#873=EDGE_CURVE('',#665,#692,#353,.T.);
#874=EDGE_CURVE('',#707,#708,#354,.T.);
#875=EDGE_CURVE('',#708,#709,#355,.T.);
#876=EDGE_CURVE('',#709,#710,#356,.T.);
#877=EDGE_CURVE('',#710,#707,#357,.T.);
#878=EDGE_CURVE('',#672,#694,#358,.T.);
#879=EDGE_CURVE('',#671,#693,#359,.T.);
#880=EDGE_CURVE('',#711,#712,#360,.T.);
#881=EDGE_CURVE('',#712,#713,#361,.T.);
#882=EDGE_CURVE('',#713,#714,#362,.T.);
#883=EDGE_CURVE('',#714,#711,#363,.T.);
#884=EDGE_CURVE('',#680,#695,#364,.T.);
#885=EDGE_CURVE('',#679,#696,#365,.T.);
#886=EDGE_CURVE('',#677,#698,#366,.T.);
#887=EDGE_CURVE('',#678,#697,#367,.T.);
#888=EDGE_CURVE('',#676,#699,#368,.T.);
#889=EDGE_CURVE('',#675,#700,#369,.T.);
#890=EDGE_CURVE('',#674,#701,#370,.T.);
#891=EDGE_CURVE('',#673,#702,#371,.T.);
#892=EDGE_CURVE('',#703,#681,#372,.T.);
#893=EDGE_CURVE('',#704,#682,#373,.T.);
#894=EDGE_CURVE('',#705,#683,#374,.T.);
#895=EDGE_CURVE('',#706,#684,#375,.T.);
#896=EDGE_CURVE('',#707,#712,#376,.T.);
#897=EDGE_CURVE('',#710,#713,#377,.T.);
#898=EDGE_CURVE('',#708,#711,#378,.T.);
#899=EDGE_CURVE('',#709,#714,#379,.T.);
#900=EDGE_CURVE('',#715,#716,#380,.T.);
#901=EDGE_CURVE('',#716,#717,#381,.T.);
#902=EDGE_CURVE('',#718,#717,#382,.T.);
#903=EDGE_CURVE('',#715,#718,#383,.T.);
#904=EDGE_CURVE('',#719,#715,#597,.T.);
#905=EDGE_CURVE('',#720,#718,#598,.T.);
#906=EDGE_CURVE('',#719,#720,#384,.T.);
#907=EDGE_CURVE('',#721,#719,#385,.T.);
#908=EDGE_CURVE('',#722,#720,#386,.T.);
#909=EDGE_CURVE('',#721,#722,#387,.T.);
#910=EDGE_CURVE('',#723,#721,#599,.T.);
#911=EDGE_CURVE('',#724,#722,#600,.T.);
#912=EDGE_CURVE('',#723,#724,#388,.T.);
#913=EDGE_CURVE('',#725,#723,#389,.T.);
#914=EDGE_CURVE('',#726,#724,#390,.T.);
#915=EDGE_CURVE('',#725,#726,#391,.T.);
#916=EDGE_CURVE('',#727,#725,#601,.T.);
#917=EDGE_CURVE('',#728,#726,#602,.T.);
#918=EDGE_CURVE('',#727,#728,#392,.T.);
#919=EDGE_CURVE('',#729,#727,#393,.T.);
#920=EDGE_CURVE('',#730,#728,#394,.T.);
#921=EDGE_CURVE('',#729,#730,#395,.T.);
#922=EDGE_CURVE('',#716,#729,#603,.T.);
#923=EDGE_CURVE('',#717,#730,#604,.T.);
#924=EDGE_CURVE('',#731,#732,#605,.T.);
#925=EDGE_CURVE('',#732,#733,#396,.T.);
#926=EDGE_CURVE('',#734,#733,#606,.T.);
#927=EDGE_CURVE('',#731,#734,#397,.T.);
#928=EDGE_CURVE('',#735,#731,#398,.T.);
#929=EDGE_CURVE('',#736,#734,#399,.T.);
#930=EDGE_CURVE('',#735,#736,#400,.T.);
#931=EDGE_CURVE('',#737,#735,#607,.T.);
#932=EDGE_CURVE('',#738,#736,#608,.T.);
#933=EDGE_CURVE('',#737,#738,#401,.T.);
#934=EDGE_CURVE('',#739,#737,#402,.T.);
#935=EDGE_CURVE('',#740,#738,#403,.T.);
#936=EDGE_CURVE('',#739,#740,#404,.T.);
#937=EDGE_CURVE('',#741,#739,#609,.T.);
#938=EDGE_CURVE('',#742,#740,#610,.T.);
#939=EDGE_CURVE('',#741,#742,#405,.T.);
#940=EDGE_CURVE('',#743,#741,#406,.T.);
#941=EDGE_CURVE('',#744,#742,#407,.T.);
#942=EDGE_CURVE('',#743,#744,#408,.T.);
#943=EDGE_CURVE('',#745,#743,#611,.T.);
#944=EDGE_CURVE('',#746,#744,#612,.T.);
#945=EDGE_CURVE('',#745,#746,#409,.T.);
#946=EDGE_CURVE('',#732,#745,#410,.T.);
#947=EDGE_CURVE('',#733,#746,#411,.T.);
#948=ORIENTED_EDGE('',*,*,#747,.F.);
#949=ORIENTED_EDGE('',*,*,#748,.T.);
#950=ORIENTED_EDGE('',*,*,#749,.T.);
#951=ORIENTED_EDGE('',*,*,#748,.F.);
#952=ORIENTED_EDGE('',*,*,#750,.F.);
#953=ORIENTED_EDGE('',*,*,#751,.T.);
#954=ORIENTED_EDGE('',*,*,#752,.T.);
#955=ORIENTED_EDGE('',*,*,#751,.F.);
#956=ORIENTED_EDGE('',*,*,#753,.F.);
#957=ORIENTED_EDGE('',*,*,#754,.T.);
#958=ORIENTED_EDGE('',*,*,#755,.T.);
#959=ORIENTED_EDGE('',*,*,#754,.F.);
#960=ORIENTED_EDGE('',*,*,#756,.F.);
#961=ORIENTED_EDGE('',*,*,#757,.T.);
#962=ORIENTED_EDGE('',*,*,#758,.T.);
#963=ORIENTED_EDGE('',*,*,#757,.F.);
#964=ORIENTED_EDGE('',*,*,#759,.F.);
#965=ORIENTED_EDGE('',*,*,#760,.T.);
#966=ORIENTED_EDGE('',*,*,#761,.T.);
#967=ORIENTED_EDGE('',*,*,#760,.F.);
#968=ORIENTED_EDGE('',*,*,#762,.F.);
#969=ORIENTED_EDGE('',*,*,#763,.T.);
#970=ORIENTED_EDGE('',*,*,#764,.T.);
#971=ORIENTED_EDGE('',*,*,#763,.F.);
#972=ORIENTED_EDGE('',*,*,#765,.F.);
#973=ORIENTED_EDGE('',*,*,#766,.T.);
#974=ORIENTED_EDGE('',*,*,#767,.T.);
#975=ORIENTED_EDGE('',*,*,#766,.F.);
#976=ORIENTED_EDGE('',*,*,#768,.F.);
#977=ORIENTED_EDGE('',*,*,#769,.T.);
#978=ORIENTED_EDGE('',*,*,#770,.T.);
#979=ORIENTED_EDGE('',*,*,#769,.F.);
#980=ORIENTED_EDGE('',*,*,#771,.F.);
#981=ORIENTED_EDGE('',*,*,#772,.T.);
#982=ORIENTED_EDGE('',*,*,#773,.T.);
#983=ORIENTED_EDGE('',*,*,#772,.F.);
#984=ORIENTED_EDGE('',*,*,#774,.F.);
#985=ORIENTED_EDGE('',*,*,#775,.T.);
#986=ORIENTED_EDGE('',*,*,#776,.T.);
#987=ORIENTED_EDGE('',*,*,#775,.F.);
#988=ORIENTED_EDGE('',*,*,#777,.F.);
#989=ORIENTED_EDGE('',*,*,#778,.T.);
#990=ORIENTED_EDGE('',*,*,#779,.T.);
#991=ORIENTED_EDGE('',*,*,#778,.F.);
#992=ORIENTED_EDGE('',*,*,#780,.F.);
#993=ORIENTED_EDGE('',*,*,#781,.T.);
#994=ORIENTED_EDGE('',*,*,#782,.F.);
#995=ORIENTED_EDGE('',*,*,#783,.F.);
#996=ORIENTED_EDGE('',*,*,#784,.T.);
#997=ORIENTED_EDGE('',*,*,#783,.T.);
#998=ORIENTED_EDGE('',*,*,#785,.F.);
#999=ORIENTED_EDGE('',*,*,#786,.F.);
#1000=ORIENTED_EDGE('',*,*,#787,.F.);
#1001=ORIENTED_EDGE('',*,*,#786,.T.);
#1002=ORIENTED_EDGE('',*,*,#788,.F.);
#1003=ORIENTED_EDGE('',*,*,#789,.F.);
#1004=ORIENTED_EDGE('',*,*,#790,.T.);
#1005=ORIENTED_EDGE('',*,*,#789,.T.);
#1006=ORIENTED_EDGE('',*,*,#791,.F.);
#1007=ORIENTED_EDGE('',*,*,#792,.F.);
#1008=ORIENTED_EDGE('',*,*,#793,.F.);
#1009=ORIENTED_EDGE('',*,*,#792,.T.);
#1010=ORIENTED_EDGE('',*,*,#794,.F.);
#1011=ORIENTED_EDGE('',*,*,#795,.F.);
#1012=ORIENTED_EDGE('',*,*,#796,.T.);
#1013=ORIENTED_EDGE('',*,*,#795,.T.);
#1014=ORIENTED_EDGE('',*,*,#797,.F.);
#1015=ORIENTED_EDGE('',*,*,#798,.F.);
#1016=ORIENTED_EDGE('',*,*,#799,.F.);
#1017=ORIENTED_EDGE('',*,*,#798,.T.);
#1018=ORIENTED_EDGE('',*,*,#800,.F.);
#1019=ORIENTED_EDGE('',*,*,#801,.F.);
#1020=ORIENTED_EDGE('',*,*,#802,.T.);
#1021=ORIENTED_EDGE('',*,*,#801,.T.);
#1022=ORIENTED_EDGE('',*,*,#803,.F.);
#1023=ORIENTED_EDGE('',*,*,#781,.F.);
#1024=ORIENTED_EDGE('',*,*,#803,.T.);
#1025=ORIENTED_EDGE('',*,*,#800,.T.);
#1026=ORIENTED_EDGE('',*,*,#797,.T.);
#1027=ORIENTED_EDGE('',*,*,#794,.T.);
#1028=ORIENTED_EDGE('',*,*,#791,.T.);
#1029=ORIENTED_EDGE('',*,*,#788,.T.);
#1030=ORIENTED_EDGE('',*,*,#785,.T.);
#1031=ORIENTED_EDGE('',*,*,#782,.T.);
#1032=ORIENTED_EDGE('',*,*,#777,.T.);
#1033=ORIENTED_EDGE('',*,*,#774,.T.);
#1034=ORIENTED_EDGE('',*,*,#771,.T.);
#1035=ORIENTED_EDGE('',*,*,#768,.T.);
#1036=ORIENTED_EDGE('',*,*,#765,.T.);
#1037=ORIENTED_EDGE('',*,*,#762,.T.);
#1038=ORIENTED_EDGE('',*,*,#759,.T.);
#1039=ORIENTED_EDGE('',*,*,#756,.T.);
#1040=ORIENTED_EDGE('',*,*,#753,.T.);
#1041=ORIENTED_EDGE('',*,*,#750,.T.);
#1042=ORIENTED_EDGE('',*,*,#747,.T.);
#1043=ORIENTED_EDGE('',*,*,#802,.F.);
#1044=ORIENTED_EDGE('',*,*,#780,.T.);
#1045=ORIENTED_EDGE('',*,*,#784,.F.);
#1046=ORIENTED_EDGE('',*,*,#787,.T.);
#1047=ORIENTED_EDGE('',*,*,#790,.F.);
#1048=ORIENTED_EDGE('',*,*,#793,.T.);
#1049=ORIENTED_EDGE('',*,*,#796,.F.);
#1050=ORIENTED_EDGE('',*,*,#799,.T.);
#1051=ORIENTED_EDGE('',*,*,#779,.F.);
#1052=ORIENTED_EDGE('',*,*,#776,.F.);
#1053=ORIENTED_EDGE('',*,*,#773,.F.);
#1054=ORIENTED_EDGE('',*,*,#770,.F.);
#1055=ORIENTED_EDGE('',*,*,#767,.F.);
#1056=ORIENTED_EDGE('',*,*,#764,.F.);
#1057=ORIENTED_EDGE('',*,*,#761,.F.);
#1058=ORIENTED_EDGE('',*,*,#758,.F.);
#1059=ORIENTED_EDGE('',*,*,#755,.F.);
#1060=ORIENTED_EDGE('',*,*,#752,.F.);
#1061=ORIENTED_EDGE('',*,*,#749,.F.);
#1062=ORIENTED_EDGE('',*,*,#804,.F.);
#1063=ORIENTED_EDGE('',*,*,#805,.F.);
#1064=ORIENTED_EDGE('',*,*,#806,.F.);
#1065=ORIENTED_EDGE('',*,*,#807,.T.);
#1066=ORIENTED_EDGE('',*,*,#808,.F.);
#1067=ORIENTED_EDGE('',*,*,#809,.T.);
#1068=ORIENTED_EDGE('',*,*,#810,.T.);
#1069=ORIENTED_EDGE('',*,*,#809,.F.);
#1070=ORIENTED_EDGE('',*,*,#804,.T.);
#1071=ORIENTED_EDGE('',*,*,#811,.T.);
#1072=ORIENTED_EDGE('',*,*,#806,.T.);
#1073=ORIENTED_EDGE('',*,*,#812,.F.);
#1074=ORIENTED_EDGE('',*,*,#805,.T.);
#1075=ORIENTED_EDGE('',*,*,#812,.T.);
#1076=ORIENTED_EDGE('',*,*,#808,.T.);
#1077=ORIENTED_EDGE('',*,*,#807,.F.);
#1078=ORIENTED_EDGE('',*,*,#811,.F.);
#1079=ORIENTED_EDGE('',*,*,#810,.F.);
#1080=ORIENTED_EDGE('',*,*,#813,.F.);
#1081=ORIENTED_EDGE('',*,*,#814,.F.);
#1082=ORIENTED_EDGE('',*,*,#815,.F.);
#1083=ORIENTED_EDGE('',*,*,#816,.T.);
#1084=ORIENTED_EDGE('',*,*,#817,.F.);
#1085=ORIENTED_EDGE('',*,*,#818,.T.);
#1086=ORIENTED_EDGE('',*,*,#819,.T.);
#1087=ORIENTED_EDGE('',*,*,#818,.F.);
#1088=ORIENTED_EDGE('',*,*,#813,.T.);
#1089=ORIENTED_EDGE('',*,*,#820,.T.);
#1090=ORIENTED_EDGE('',*,*,#815,.T.);
#1091=ORIENTED_EDGE('',*,*,#821,.F.);
#1092=ORIENTED_EDGE('',*,*,#814,.T.);
#1093=ORIENTED_EDGE('',*,*,#821,.T.);
#1094=ORIENTED_EDGE('',*,*,#817,.T.);
#1095=ORIENTED_EDGE('',*,*,#816,.F.);
#1096=ORIENTED_EDGE('',*,*,#820,.F.);
#1097=ORIENTED_EDGE('',*,*,#819,.F.);
#1098=ORIENTED_EDGE('',*,*,#822,.F.);
#1099=ORIENTED_EDGE('',*,*,#823,.F.);
#1100=ORIENTED_EDGE('',*,*,#824,.F.);
#1101=ORIENTED_EDGE('',*,*,#825,.F.);
#1102=ORIENTED_EDGE('',*,*,#826,.F.);
#1103=ORIENTED_EDGE('',*,*,#827,.F.);
#1104=ORIENTED_EDGE('',*,*,#828,.F.);
#1105=ORIENTED_EDGE('',*,*,#829,.F.);
#1106=ORIENTED_EDGE('',*,*,#830,.F.);
#1107=ORIENTED_EDGE('',*,*,#831,.F.);
#1108=ORIENTED_EDGE('',*,*,#832,.F.);
#1109=ORIENTED_EDGE('',*,*,#833,.F.);
#1110=ORIENTED_EDGE('',*,*,#834,.F.);
#1111=ORIENTED_EDGE('',*,*,#835,.F.);
#1112=ORIENTED_EDGE('',*,*,#836,.F.);
#1113=ORIENTED_EDGE('',*,*,#837,.F.);
#1114=ORIENTED_EDGE('',*,*,#838,.F.);
#1115=ORIENTED_EDGE('',*,*,#839,.F.);
#1116=ORIENTED_EDGE('',*,*,#840,.F.);
#1117=ORIENTED_EDGE('',*,*,#841,.F.);
#1118=ORIENTED_EDGE('',*,*,#842,.F.);
#1119=ORIENTED_EDGE('',*,*,#843,.F.);
#1120=ORIENTED_EDGE('',*,*,#844,.T.);
#1121=ORIENTED_EDGE('',*,*,#845,.T.);
#1122=ORIENTED_EDGE('',*,*,#846,.T.);
#1123=ORIENTED_EDGE('',*,*,#847,.T.);
#1124=ORIENTED_EDGE('',*,*,#848,.T.);
#1125=ORIENTED_EDGE('',*,*,#849,.T.);
#1126=ORIENTED_EDGE('',*,*,#850,.T.);
#1127=ORIENTED_EDGE('',*,*,#851,.T.);
#1128=ORIENTED_EDGE('',*,*,#852,.T.);
#1129=ORIENTED_EDGE('',*,*,#853,.T.);
#1130=ORIENTED_EDGE('',*,*,#854,.T.);
#1131=ORIENTED_EDGE('',*,*,#855,.T.);
#1132=ORIENTED_EDGE('',*,*,#856,.T.);
#1133=ORIENTED_EDGE('',*,*,#857,.T.);
#1134=ORIENTED_EDGE('',*,*,#858,.T.);
#1135=ORIENTED_EDGE('',*,*,#859,.T.);
#1136=ORIENTED_EDGE('',*,*,#860,.T.);
#1137=ORIENTED_EDGE('',*,*,#861,.T.);
#1138=ORIENTED_EDGE('',*,*,#862,.T.);
#1139=ORIENTED_EDGE('',*,*,#863,.T.);
#1140=ORIENTED_EDGE('',*,*,#864,.T.);
#1141=ORIENTED_EDGE('',*,*,#865,.T.);
#1142=ORIENTED_EDGE('',*,*,#822,.T.);
#1143=ORIENTED_EDGE('',*,*,#866,.T.);
#1144=ORIENTED_EDGE('',*,*,#844,.F.);
#1145=ORIENTED_EDGE('',*,*,#867,.F.);
#1146=ORIENTED_EDGE('',*,*,#829,.T.);
#1147=ORIENTED_EDGE('',*,*,#868,.T.);
#1148=ORIENTED_EDGE('',*,*,#845,.F.);
#1149=ORIENTED_EDGE('',*,*,#866,.F.);
#1150=ORIENTED_EDGE('',*,*,#828,.T.);
#1151=ORIENTED_EDGE('',*,*,#869,.T.);
#1152=ORIENTED_EDGE('',*,*,#846,.F.);
#1153=ORIENTED_EDGE('',*,*,#868,.F.);
#1154=ORIENTED_EDGE('',*,*,#827,.T.);
#1155=ORIENTED_EDGE('',*,*,#870,.T.);
#1156=ORIENTED_EDGE('',*,*,#847,.F.);
#1157=ORIENTED_EDGE('',*,*,#869,.F.);
#1158=ORIENTED_EDGE('',*,*,#826,.T.);
#1159=ORIENTED_EDGE('',*,*,#871,.T.);
#1160=ORIENTED_EDGE('',*,*,#848,.F.);
#1161=ORIENTED_EDGE('',*,*,#870,.F.);
#1162=ORIENTED_EDGE('',*,*,#825,.T.);
#1163=ORIENTED_EDGE('',*,*,#872,.T.);
#1164=ORIENTED_EDGE('',*,*,#849,.F.);
#1165=ORIENTED_EDGE('',*,*,#871,.F.);
#1166=ORIENTED_EDGE('',*,*,#824,.T.);
#1167=ORIENTED_EDGE('',*,*,#873,.T.);
#1168=ORIENTED_EDGE('',*,*,#850,.F.);
#1169=ORIENTED_EDGE('',*,*,#872,.F.);
#1170=ORIENTED_EDGE('',*,*,#823,.T.);
#1171=ORIENTED_EDGE('',*,*,#867,.T.);
#1172=ORIENTED_EDGE('',*,*,#851,.F.);
#1173=ORIENTED_EDGE('',*,*,#873,.F.);
#1174=ORIENTED_EDGE('',*,*,#874,.T.);
#1175=ORIENTED_EDGE('',*,*,#875,.T.);
#1176=ORIENTED_EDGE('',*,*,#876,.T.);
#1177=ORIENTED_EDGE('',*,*,#877,.T.);
#1178=ORIENTED_EDGE('',*,*,#830,.T.);
#1179=ORIENTED_EDGE('',*,*,#878,.T.);
#1180=ORIENTED_EDGE('',*,*,#852,.F.);
#1181=ORIENTED_EDGE('',*,*,#879,.F.);
#1182=ORIENTED_EDGE('',*,*,#880,.T.);
#1183=ORIENTED_EDGE('',*,*,#881,.T.);
#1184=ORIENTED_EDGE('',*,*,#882,.T.);
#1185=ORIENTED_EDGE('',*,*,#883,.T.);
#1186=ORIENTED_EDGE('',*,*,#839,.T.);
#1187=ORIENTED_EDGE('',*,*,#884,.T.);
#1188=ORIENTED_EDGE('',*,*,#853,.F.);
#1189=ORIENTED_EDGE('',*,*,#878,.F.);
#1190=ORIENTED_EDGE('',*,*,#885,.T.);
#1191=ORIENTED_EDGE('',*,*,#854,.F.);
#1192=ORIENTED_EDGE('',*,*,#884,.F.);
#1193=ORIENTED_EDGE('',*,*,#838,.T.);
#1194=ORIENTED_EDGE('',*,*,#836,.T.);
#1195=ORIENTED_EDGE('',*,*,#886,.T.);
#1196=ORIENTED_EDGE('',*,*,#856,.F.);
#1197=ORIENTED_EDGE('',*,*,#887,.F.);
#1198=ORIENTED_EDGE('',*,*,#835,.T.);
#1199=ORIENTED_EDGE('',*,*,#888,.T.);
#1200=ORIENTED_EDGE('',*,*,#857,.F.);
#1201=ORIENTED_EDGE('',*,*,#886,.F.);
#1202=ORIENTED_EDGE('',*,*,#834,.T.);
#1203=ORIENTED_EDGE('',*,*,#889,.T.);
#1204=ORIENTED_EDGE('',*,*,#858,.F.);
#1205=ORIENTED_EDGE('',*,*,#888,.F.);
#1206=ORIENTED_EDGE('',*,*,#890,.T.);
#1207=ORIENTED_EDGE('',*,*,#859,.F.);
#1208=ORIENTED_EDGE('',*,*,#889,.F.);
#1209=ORIENTED_EDGE('',*,*,#833,.T.);
#1210=ORIENTED_EDGE('',*,*,#831,.T.);
#1211=ORIENTED_EDGE('',*,*,#879,.T.);
#1212=ORIENTED_EDGE('',*,*,#861,.F.);
#1213=ORIENTED_EDGE('',*,*,#891,.F.);
#1214=ORIENTED_EDGE('',*,*,#862,.F.);
#1215=ORIENTED_EDGE('',*,*,#892,.T.);
#1216=ORIENTED_EDGE('',*,*,#840,.T.);
#1217=ORIENTED_EDGE('',*,*,#892,.F.);
#1218=ORIENTED_EDGE('',*,*,#863,.F.);
#1219=ORIENTED_EDGE('',*,*,#893,.T.);
#1220=ORIENTED_EDGE('',*,*,#841,.T.);
#1221=ORIENTED_EDGE('',*,*,#893,.F.);
#1222=ORIENTED_EDGE('',*,*,#864,.F.);
#1223=ORIENTED_EDGE('',*,*,#894,.T.);
#1224=ORIENTED_EDGE('',*,*,#842,.T.);
#1225=ORIENTED_EDGE('',*,*,#894,.F.);
#1226=ORIENTED_EDGE('',*,*,#865,.F.);
#1227=ORIENTED_EDGE('',*,*,#895,.T.);
#1228=ORIENTED_EDGE('',*,*,#843,.T.);
#1229=ORIENTED_EDGE('',*,*,#895,.F.);
#1230=ORIENTED_EDGE('',*,*,#890,.F.);
#1231=ORIENTED_EDGE('',*,*,#832,.T.);
#1232=ORIENTED_EDGE('',*,*,#891,.T.);
#1233=ORIENTED_EDGE('',*,*,#860,.F.);
#1234=ORIENTED_EDGE('',*,*,#885,.F.);
#1235=ORIENTED_EDGE('',*,*,#837,.T.);
#1236=ORIENTED_EDGE('',*,*,#887,.T.);
#1237=ORIENTED_EDGE('',*,*,#855,.F.);
#1238=ORIENTED_EDGE('',*,*,#881,.F.);
#1239=ORIENTED_EDGE('',*,*,#896,.F.);
#1240=ORIENTED_EDGE('',*,*,#877,.F.);
#1241=ORIENTED_EDGE('',*,*,#897,.T.);
#1242=ORIENTED_EDGE('',*,*,#880,.F.);
#1243=ORIENTED_EDGE('',*,*,#898,.F.);
#1244=ORIENTED_EDGE('',*,*,#874,.F.);
#1245=ORIENTED_EDGE('',*,*,#896,.T.);
#1246=ORIENTED_EDGE('',*,*,#883,.F.);
#1247=ORIENTED_EDGE('',*,*,#899,.F.);
#1248=ORIENTED_EDGE('',*,*,#875,.F.);
#1249=ORIENTED_EDGE('',*,*,#898,.T.);
#1250=ORIENTED_EDGE('',*,*,#882,.F.);
#1251=ORIENTED_EDGE('',*,*,#897,.F.);
#1252=ORIENTED_EDGE('',*,*,#876,.F.);
#1253=ORIENTED_EDGE('',*,*,#899,.T.);
#1254=ORIENTED_EDGE('',*,*,#900,.T.);
#1255=ORIENTED_EDGE('',*,*,#901,.T.);
#1256=ORIENTED_EDGE('',*,*,#902,.F.);
#1257=ORIENTED_EDGE('',*,*,#903,.F.);
#1258=ORIENTED_EDGE('',*,*,#904,.T.);
#1259=ORIENTED_EDGE('',*,*,#903,.T.);
#1260=ORIENTED_EDGE('',*,*,#905,.F.);
#1261=ORIENTED_EDGE('',*,*,#906,.F.);
#1262=ORIENTED_EDGE('',*,*,#907,.T.);
#1263=ORIENTED_EDGE('',*,*,#906,.T.);
#1264=ORIENTED_EDGE('',*,*,#908,.F.);
#1265=ORIENTED_EDGE('',*,*,#909,.F.);
#1266=ORIENTED_EDGE('',*,*,#910,.T.);
#1267=ORIENTED_EDGE('',*,*,#909,.T.);
#1268=ORIENTED_EDGE('',*,*,#911,.F.);
#1269=ORIENTED_EDGE('',*,*,#912,.F.);
#1270=ORIENTED_EDGE('',*,*,#913,.T.);
#1271=ORIENTED_EDGE('',*,*,#912,.T.);
#1272=ORIENTED_EDGE('',*,*,#914,.F.);
#1273=ORIENTED_EDGE('',*,*,#915,.F.);
#1274=ORIENTED_EDGE('',*,*,#916,.T.);
#1275=ORIENTED_EDGE('',*,*,#915,.T.);
#1276=ORIENTED_EDGE('',*,*,#917,.F.);
#1277=ORIENTED_EDGE('',*,*,#918,.F.);
#1278=ORIENTED_EDGE('',*,*,#919,.T.);
#1279=ORIENTED_EDGE('',*,*,#918,.T.);
#1280=ORIENTED_EDGE('',*,*,#920,.F.);
#1281=ORIENTED_EDGE('',*,*,#921,.F.);
#1282=ORIENTED_EDGE('',*,*,#922,.T.);
#1283=ORIENTED_EDGE('',*,*,#921,.T.);
#1284=ORIENTED_EDGE('',*,*,#923,.F.);
#1285=ORIENTED_EDGE('',*,*,#901,.F.);
#1286=ORIENTED_EDGE('',*,*,#924,.T.);
#1287=ORIENTED_EDGE('',*,*,#925,.T.);
#1288=ORIENTED_EDGE('',*,*,#926,.F.);
#1289=ORIENTED_EDGE('',*,*,#927,.F.);
#1290=ORIENTED_EDGE('',*,*,#928,.T.);
#1291=ORIENTED_EDGE('',*,*,#927,.T.);
#1292=ORIENTED_EDGE('',*,*,#929,.F.);
#1293=ORIENTED_EDGE('',*,*,#930,.F.);
#1294=ORIENTED_EDGE('',*,*,#931,.T.);
#1295=ORIENTED_EDGE('',*,*,#930,.T.);
#1296=ORIENTED_EDGE('',*,*,#932,.F.);
#1297=ORIENTED_EDGE('',*,*,#933,.F.);
#1298=ORIENTED_EDGE('',*,*,#934,.T.);
#1299=ORIENTED_EDGE('',*,*,#933,.T.);
#1300=ORIENTED_EDGE('',*,*,#935,.F.);
#1301=ORIENTED_EDGE('',*,*,#936,.F.);
#1302=ORIENTED_EDGE('',*,*,#937,.T.);
#1303=ORIENTED_EDGE('',*,*,#936,.T.);
#1304=ORIENTED_EDGE('',*,*,#938,.F.);
#1305=ORIENTED_EDGE('',*,*,#939,.F.);
#1306=ORIENTED_EDGE('',*,*,#940,.T.);
#1307=ORIENTED_EDGE('',*,*,#939,.T.);
#1308=ORIENTED_EDGE('',*,*,#941,.F.);
#1309=ORIENTED_EDGE('',*,*,#942,.F.);
#1310=ORIENTED_EDGE('',*,*,#943,.T.);
#1311=ORIENTED_EDGE('',*,*,#942,.T.);
#1312=ORIENTED_EDGE('',*,*,#944,.F.);
#1313=ORIENTED_EDGE('',*,*,#945,.F.);
#1314=ORIENTED_EDGE('',*,*,#946,.T.);
#1315=ORIENTED_EDGE('',*,*,#945,.T.);
#1316=ORIENTED_EDGE('',*,*,#947,.F.);
#1317=ORIENTED_EDGE('',*,*,#925,.F.);
#1318=ORIENTED_EDGE('',*,*,#947,.T.);
#1319=ORIENTED_EDGE('',*,*,#944,.T.);
#1320=ORIENTED_EDGE('',*,*,#941,.T.);
#1321=ORIENTED_EDGE('',*,*,#938,.T.);
#1322=ORIENTED_EDGE('',*,*,#935,.T.);
#1323=ORIENTED_EDGE('',*,*,#932,.T.);
#1324=ORIENTED_EDGE('',*,*,#929,.T.);
#1325=ORIENTED_EDGE('',*,*,#926,.T.);
#1326=ORIENTED_EDGE('',*,*,#923,.T.);
#1327=ORIENTED_EDGE('',*,*,#920,.T.);
#1328=ORIENTED_EDGE('',*,*,#917,.T.);
#1329=ORIENTED_EDGE('',*,*,#914,.T.);
#1330=ORIENTED_EDGE('',*,*,#911,.T.);
#1331=ORIENTED_EDGE('',*,*,#908,.T.);
#1332=ORIENTED_EDGE('',*,*,#905,.T.);
#1333=ORIENTED_EDGE('',*,*,#902,.T.);
#1334=ORIENTED_EDGE('',*,*,#946,.F.);
#1335=ORIENTED_EDGE('',*,*,#924,.F.);
#1336=ORIENTED_EDGE('',*,*,#928,.F.);
#1337=ORIENTED_EDGE('',*,*,#931,.F.);
#1338=ORIENTED_EDGE('',*,*,#934,.F.);
#1339=ORIENTED_EDGE('',*,*,#937,.F.);
#1340=ORIENTED_EDGE('',*,*,#940,.F.);
#1341=ORIENTED_EDGE('',*,*,#943,.F.);
#1342=ORIENTED_EDGE('',*,*,#922,.F.);
#1343=ORIENTED_EDGE('',*,*,#900,.F.);
#1344=ORIENTED_EDGE('',*,*,#904,.F.);
#1345=ORIENTED_EDGE('',*,*,#907,.F.);
#1346=ORIENTED_EDGE('',*,*,#910,.F.);
#1347=ORIENTED_EDGE('',*,*,#913,.F.);
#1348=ORIENTED_EDGE('',*,*,#916,.F.);
#1349=ORIENTED_EDGE('',*,*,#919,.F.);
#1350=CYLINDRICAL_SURFACE('',#1486,1.6);
#1351=CYLINDRICAL_SURFACE('',#1489,1.6);
#1352=CYLINDRICAL_SURFACE('',#1492,1.6);
#1353=CYLINDRICAL_SURFACE('',#1495,1.6);
#1354=CYLINDRICAL_SURFACE('',#1498,1.6);
#1355=CYLINDRICAL_SURFACE('',#1501,1.6);
#1356=CYLINDRICAL_SURFACE('',#1504,2.5);
#1357=CYLINDRICAL_SURFACE('',#1507,2.5);
#1358=CYLINDRICAL_SURFACE('',#1510,15.);
#1359=CYLINDRICAL_SURFACE('',#1513,2.5);
#1360=CYLINDRICAL_SURFACE('',#1516,2.5);
#1361=CYLINDRICAL_SURFACE('',#1520,8.);
#1362=CYLINDRICAL_SURFACE('',#1524,8.);
#1363=CYLINDRICAL_SURFACE('',#1528,8.00000000000001);
#1364=CYLINDRICAL_SURFACE('',#1532,7.99999999999999);
#1365=CYLINDRICAL_SURFACE('',#1537,3.99999999999999);
#1366=CYLINDRICAL_SURFACE('',#1540,1.4);
#1367=CYLINDRICAL_SURFACE('',#1543,3.99999999999999);
#1368=CYLINDRICAL_SURFACE('',#1548,3.99999999999999);
#1369=CYLINDRICAL_SURFACE('',#1551,1.4);
#1370=CYLINDRICAL_SURFACE('',#1554,3.99999999999999);
#1371=CYLINDRICAL_SURFACE('',#1585,8.00000000000001);
#1372=CYLINDRICAL_SURFACE('',#1587,8.00000000000001);
#1373=CYLINDRICAL_SURFACE('',#1589,8.);
#1374=CYLINDRICAL_SURFACE('',#1591,8.00000000000001);
#1375=CYLINDRICAL_SURFACE('',#1594,3.99999999999999);
#1376=CYLINDRICAL_SURFACE('',#1596,4.);
#1377=CYLINDRICAL_SURFACE('',#1598,3.99999999999999);
#1378=CYLINDRICAL_SURFACE('',#1600,3.99999999999997);
#1379=CYLINDRICAL_SURFACE('',#1601,1.40000000000001);
#1380=CYLINDRICAL_SURFACE('',#1602,1.4);
#1381=CYLINDRICAL_SURFACE('',#1603,1.40000000000001);
#1382=CYLINDRICAL_SURFACE('',#1604,1.40000000000001);
#1383=CYLINDRICAL_SURFACE('',#1612,5.5);
#1384=CYLINDRICAL_SURFACE('',#1616,5.50000000000001);
#1385=CYLINDRICAL_SURFACE('',#1620,5.50000000000001);
#1386=CYLINDRICAL_SURFACE('',#1624,5.49999999999998);
#1387=CYLINDRICAL_SURFACE('',#1627,8.00000000000001);
#1388=CYLINDRICAL_SURFACE('',#1631,7.99999999999998);
#1389=CYLINDRICAL_SURFACE('',#1635,8.);
#1390=CYLINDRICAL_SURFACE('',#1639,7.99999999999999);
#1391=ADVANCED_FACE('',(#99),#1350,.F.);
#1392=ADVANCED_FACE('',(#100),#1351,.F.);
#1393=ADVANCED_FACE('',(#101),#1352,.F.);
#1394=ADVANCED_FACE('',(#102),#1353,.F.);
#1395=ADVANCED_FACE('',(#103),#1354,.F.);
#1396=ADVANCED_FACE('',(#104),#1355,.F.);
#1397=ADVANCED_FACE('',(#105),#1356,.F.);
#1398=ADVANCED_FACE('',(#106),#1357,.F.);
#1399=ADVANCED_FACE('',(#107),#1358,.F.);
#1400=ADVANCED_FACE('',(#108),#1359,.F.);
#1401=ADVANCED_FACE('',(#109),#1360,.F.);
#1402=ADVANCED_FACE('',(#110),#63,.T.);
#1403=ADVANCED_FACE('',(#111),#1361,.T.);
#1404=ADVANCED_FACE('',(#112),#64,.T.);
#1405=ADVANCED_FACE('',(#113),#1362,.T.);
#1406=ADVANCED_FACE('',(#114),#65,.T.);
#1407=ADVANCED_FACE('',(#115),#1363,.T.);
#1408=ADVANCED_FACE('',(#116),#66,.T.);
#1409=ADVANCED_FACE('',(#117),#1364,.T.);
#1410=ADVANCED_FACE('',(#118,#23,#24,#25,#26,#27,#28,#29,#30,#31,#32,#33),
#67,.T.);
#1411=ADVANCED_FACE('',(#119,#34,#35,#36,#37,#38,#39,#40,#41,#42,#43,#44),
#68,.F.);
#1412=ADVANCED_FACE('',(#120),#1365,.T.);
#1413=ADVANCED_FACE('',(#121),#1366,.F.);
#1414=ADVANCED_FACE('',(#122),#1367,.T.);
#1415=ADVANCED_FACE('',(#123,#45),#69,.T.);
#1416=ADVANCED_FACE('',(#124,#46),#70,.F.);
#1417=ADVANCED_FACE('',(#125),#1368,.T.);
#1418=ADVANCED_FACE('',(#126),#1369,.F.);
#1419=ADVANCED_FACE('',(#127),#1370,.T.);
#1420=ADVANCED_FACE('',(#128,#47),#71,.T.);
#1421=ADVANCED_FACE('',(#129,#48),#72,.F.);
#1422=ADVANCED_FACE('',(#130,#49,#50,#51,#52,#53),#73,.F.);
#1423=ADVANCED_FACE('',(#131,#54,#55,#56,#57,#58),#74,.T.);
#1424=ADVANCED_FACE('',(#132),#1371,.T.);
#1425=ADVANCED_FACE('',(#133),#75,.T.);
#1426=ADVANCED_FACE('',(#134),#1372,.T.);
#1427=ADVANCED_FACE('',(#135),#76,.T.);
#1428=ADVANCED_FACE('',(#136),#1373,.T.);
#1429=ADVANCED_FACE('',(#137),#77,.T.);
#1430=ADVANCED_FACE('',(#138),#1374,.T.);
#1431=ADVANCED_FACE('',(#139,#59),#78,.T.);
#1432=ADVANCED_FACE('',(#140,#60),#79,.T.);
#1433=ADVANCED_FACE('',(#141),#1375,.T.);
#1434=ADVANCED_FACE('',(#142),#80,.T.);
#1435=ADVANCED_FACE('',(#143),#1376,.T.);
#1436=ADVANCED_FACE('',(#144),#81,.T.);
#1437=ADVANCED_FACE('',(#145),#1377,.T.);
#1438=ADVANCED_FACE('',(#146),#82,.T.);
#1439=ADVANCED_FACE('',(#147),#1378,.T.);
#1440=ADVANCED_FACE('',(#148),#1379,.F.);
#1441=ADVANCED_FACE('',(#149),#1380,.F.);
#1442=ADVANCED_FACE('',(#150),#1381,.F.);
#1443=ADVANCED_FACE('',(#151),#1382,.F.);
#1444=ADVANCED_FACE('',(#152),#83,.T.);
#1445=ADVANCED_FACE('',(#153),#84,.T.);
#1446=ADVANCED_FACE('',(#154),#85,.F.);
#1447=ADVANCED_FACE('',(#155),#86,.F.);
#1448=ADVANCED_FACE('',(#156),#87,.F.);
#1449=ADVANCED_FACE('',(#157),#88,.F.);
#1450=ADVANCED_FACE('',(#158),#89,.T.);
#1451=ADVANCED_FACE('',(#159),#1383,.F.);
#1452=ADVANCED_FACE('',(#160),#90,.T.);
#1453=ADVANCED_FACE('',(#161),#1384,.F.);
#1454=ADVANCED_FACE('',(#162),#91,.T.);
#1455=ADVANCED_FACE('',(#163),#1385,.F.);
#1456=ADVANCED_FACE('',(#164),#92,.T.);
#1457=ADVANCED_FACE('',(#165),#1386,.F.);
#1458=ADVANCED_FACE('',(#166),#1387,.T.);
#1459=ADVANCED_FACE('',(#167),#93,.T.);
#1460=ADVANCED_FACE('',(#168),#1388,.T.);
#1461=ADVANCED_FACE('',(#169),#94,.T.);
#1462=ADVANCED_FACE('',(#170),#1389,.T.);
#1463=ADVANCED_FACE('',(#171),#95,.T.);
#1464=ADVANCED_FACE('',(#172),#1390,.T.);
#1465=ADVANCED_FACE('',(#173),#96,.T.);
#1466=ADVANCED_FACE('',(#174,#61),#97,.T.);
#1467=ADVANCED_FACE('',(#175,#62),#98,.F.);
#1468=CLOSED_SHELL('',(#1391,#1392,#1393,#1394,#1395,#1396,#1397,#1398,
#1399,#1400,#1401,#1402,#1403,#1404,#1405,#1406,#1407,#1408,#1409,#1410,
#1411));
#1469=CLOSED_SHELL('',(#1412,#1413,#1414,#1415,#1416));
#1470=CLOSED_SHELL('',(#1417,#1418,#1419,#1420,#1421));
#1471=CLOSED_SHELL('',(#1422,#1423,#1424,#1425,#1426,#1427,#1428,#1429,
#1430,#1431,#1432,#1433,#1434,#1435,#1436,#1437,#1438,#1439,#1440,#1441,
#1442,#1443,#1444,#1445,#1446,#1447,#1448,#1449));
#1472=CLOSED_SHELL('',(#1450,#1451,#1452,#1453,#1454,#1455,#1456,#1457,
#1458,#1459,#1460,#1461,#1462,#1463,#1464,#1465,#1466,#1467));
#1473=DERIVED_UNIT_ELEMENT(#1475,1.);
#1474=DERIVED_UNIT_ELEMENT(#2502,-3.);
#1475=(
MASS_UNIT()
NAMED_UNIT(*)
SI_UNIT(.KILO.,.GRAM.)
);
#1476=DERIVED_UNIT((#1473,#1474));
#1477=MEASURE_REPRESENTATION_ITEM('density measure',
POSITIVE_RATIO_MEASURE(7850.),#1476);
#1478=PROPERTY_DEFINITION_REPRESENTATION(#1483,#1480);
#1479=PROPERTY_DEFINITION_REPRESENTATION(#1484,#1481);
#1480=REPRESENTATION('material name',(#1482),#2499);
#1481=REPRESENTATION('density',(#1477),#2499);
#1482=DESCRIPTIVE_REPRESENTATION_ITEM('Steel','Steel');
#1483=PROPERTY_DEFINITION('material property','material name',#2509);
#1484=PROPERTY_DEFINITION('material property','density of part',#2509);
#1485=AXIS2_PLACEMENT_3D('',#2084,#1645,#1646);
#1486=AXIS2_PLACEMENT_3D('',#2085,#1647,#1648);
#1487=AXIS2_PLACEMENT_3D('',#2087,#1649,#1650);
#1488=AXIS2_PLACEMENT_3D('',#2090,#1652,#1653);
#1489=AXIS2_PLACEMENT_3D('',#2091,#1654,#1655);
#1490=AXIS2_PLACEMENT_3D('',#2093,#1656,#1657);
#1491=AXIS2_PLACEMENT_3D('',#2096,#1659,#1660);
#1492=AXIS2_PLACEMENT_3D('',#2097,#1661,#1662);
#1493=AXIS2_PLACEMENT_3D('',#2099,#1663,#1664);
#1494=AXIS2_PLACEMENT_3D('',#2102,#1666,#1667);
#1495=AXIS2_PLACEMENT_3D('',#2103,#1668,#1669);
#1496=AXIS2_PLACEMENT_3D('',#2105,#1670,#1671);
#1497=AXIS2_PLACEMENT_3D('',#2108,#1673,#1674);
#1498=AXIS2_PLACEMENT_3D('',#2109,#1675,#1676);
#1499=AXIS2_PLACEMENT_3D('',#2111,#1677,#1678);
#1500=AXIS2_PLACEMENT_3D('',#2114,#1680,#1681);
#1501=AXIS2_PLACEMENT_3D('',#2115,#1682,#1683);
#1502=AXIS2_PLACEMENT_3D('',#2117,#1684,#1685);
#1503=AXIS2_PLACEMENT_3D('',#2120,#1687,#1688);
#1504=AXIS2_PLACEMENT_3D('',#2121,#1689,#1690);
#1505=AXIS2_PLACEMENT_3D('',#2123,#1691,#1692);
#1506=AXIS2_PLACEMENT_3D('',#2126,#1694,#1695);
#1507=AXIS2_PLACEMENT_3D('',#2127,#1696,#1697);
#1508=AXIS2_PLACEMENT_3D('',#2129,#1698,#1699);
#1509=AXIS2_PLACEMENT_3D('',#2132,#1701,#1702);
#1510=AXIS2_PLACEMENT_3D('',#2133,#1703,#1704);
#1511=AXIS2_PLACEMENT_3D('',#2135,#1705,#1706);
#1512=AXIS2_PLACEMENT_3D('',#2138,#1708,#1709);
#1513=AXIS2_PLACEMENT_3D('',#2139,#1710,#1711);
#1514=AXIS2_PLACEMENT_3D('',#2141,#1712,#1713);
#1515=AXIS2_PLACEMENT_3D('',#2144,#1715,#1716);
#1516=AXIS2_PLACEMENT_3D('',#2145,#1717,#1718);
#1517=AXIS2_PLACEMENT_3D('',#2147,#1719,#1720);
#1518=AXIS2_PLACEMENT_3D('',#2150,#1722,#1723);
#1519=AXIS2_PLACEMENT_3D('',#2151,#1724,#1725);
#1520=AXIS2_PLACEMENT_3D('',#2160,#1730,#1731);
#1521=AXIS2_PLACEMENT_3D('',#2162,#1732,#1733);
#1522=AXIS2_PLACEMENT_3D('',#2164,#1734,#1735);
#1523=AXIS2_PLACEMENT_3D('',#2166,#1737,#1738);
#1524=AXIS2_PLACEMENT_3D('',#2172,#1742,#1743);
#1525=AXIS2_PLACEMENT_3D('',#2174,#1744,#1745);
#1526=AXIS2_PLACEMENT_3D('',#2176,#1746,#1747);
#1527=AXIS2_PLACEMENT_3D('',#2178,#1749,#1750);
#1528=AXIS2_PLACEMENT_3D('',#2184,#1754,#1755);
#1529=AXIS2_PLACEMENT_3D('',#2186,#1756,#1757);
#1530=AXIS2_PLACEMENT_3D('',#2188,#1758,#1759);
#1531=AXIS2_PLACEMENT_3D('',#2190,#1761,#1762);
#1532=AXIS2_PLACEMENT_3D('',#2196,#1766,#1767);
#1533=AXIS2_PLACEMENT_3D('',#2197,#1768,#1769);
#1534=AXIS2_PLACEMENT_3D('',#2198,#1770,#1771);
#1535=AXIS2_PLACEMENT_3D('',#2199,#1772,#1773);
#1536=AXIS2_PLACEMENT_3D('',#2200,#1774,#1775);
#1537=AXIS2_PLACEMENT_3D('',#2201,#1776,#1777);
#1538=AXIS2_PLACEMENT_3D('',#2206,#1779,#1780);
#1539=AXIS2_PLACEMENT_3D('',#2209,#1782,#1783);
#1540=AXIS2_PLACEMENT_3D('',#2210,#1784,#1785);
#1541=AXIS2_PLACEMENT_3D('',#2212,#1786,#1787);
#1542=AXIS2_PLACEMENT_3D('',#2215,#1789,#1790);
#1543=AXIS2_PLACEMENT_3D('',#2216,#1791,#1792);
#1544=AXIS2_PLACEMENT_3D('',#2217,#1793,#1794);
#1545=AXIS2_PLACEMENT_3D('',#2218,#1795,#1796);
#1546=AXIS2_PLACEMENT_3D('',#2219,#1797,#1798);
#1547=AXIS2_PLACEMENT_3D('',#2220,#1799,#1800);
#1548=AXIS2_PLACEMENT_3D('',#2221,#1801,#1802);
#1549=AXIS2_PLACEMENT_3D('',#2226,#1804,#1805);
#1550=AXIS2_PLACEMENT_3D('',#2229,#1807,#1808);
#1551=AXIS2_PLACEMENT_3D('',#2230,#1809,#1810);
#1552=AXIS2_PLACEMENT_3D('',#2232,#1811,#1812);
#1553=AXIS2_PLACEMENT_3D('',#2235,#1814,#1815);
#1554=AXIS2_PLACEMENT_3D('',#2236,#1816,#1817);
#1555=AXIS2_PLACEMENT_3D('',#2237,#1818,#1819);
#1556=AXIS2_PLACEMENT_3D('',#2238,#1820,#1821);
#1557=AXIS2_PLACEMENT_3D('',#2239,#1822,#1823);
#1558=AXIS2_PLACEMENT_3D('',#2240,#1824,#1825);
#1559=AXIS2_PLACEMENT_3D('',#2241,#1826,#1827);
#1560=AXIS2_PLACEMENT_3D('',#2244,#1828,#1829);
#1561=AXIS2_PLACEMENT_3D('',#2248,#1831,#1832);
#1562=AXIS2_PLACEMENT_3D('',#2252,#1834,#1835);
#1563=AXIS2_PLACEMENT_3D('',#2256,#1837,#1838);
#1564=AXIS2_PLACEMENT_3D('',#2262,#1841,#1842);
#1565=AXIS2_PLACEMENT_3D('',#2268,#1845,#1846);
#1566=AXIS2_PLACEMENT_3D('',#2272,#1848,#1849);
#1567=AXIS2_PLACEMENT_3D('',#2277,#1852,#1853);
#1568=AXIS2_PLACEMENT_3D('',#2279,#1854,#1855);
#1569=AXIS2_PLACEMENT_3D('',#2281,#1856,#1857);
#1570=AXIS2_PLACEMENT_3D('',#2283,#1858,#1859);
#1571=AXIS2_PLACEMENT_3D('',#2285,#1860,#1861);
#1572=AXIS2_PLACEMENT_3D('',#2286,#1862,#1863);
#1573=AXIS2_PLACEMENT_3D('',#2289,#1864,#1865);
#1574=AXIS2_PLACEMENT_3D('',#2293,#1867,#1868);
#1575=AXIS2_PLACEMENT_3D('',#2297,#1870,#1871);
#1576=AXIS2_PLACEMENT_3D('',#2301,#1873,#1874);
#1577=AXIS2_PLACEMENT_3D('',#2307,#1877,#1878);
#1578=AXIS2_PLACEMENT_3D('',#2313,#1881,#1882);
#1579=AXIS2_PLACEMENT_3D('',#2317,#1884,#1885);
#1580=AXIS2_PLACEMENT_3D('',#2322,#1888,#1889);
#1581=AXIS2_PLACEMENT_3D('',#2324,#1890,#1891);
#1582=AXIS2_PLACEMENT_3D('',#2326,#1892,#1893);
#1583=AXIS2_PLACEMENT_3D('',#2328,#1894,#1895);
#1584=AXIS2_PLACEMENT_3D('',#2330,#1896,#1897);
#1585=AXIS2_PLACEMENT_3D('',#2331,#1898,#1899);
#1586=AXIS2_PLACEMENT_3D('',#2334,#1902,#1903);
#1587=AXIS2_PLACEMENT_3D('',#2336,#1905,#1906);
#1588=AXIS2_PLACEMENT_3D('',#2338,#1908,#1909);
#1589=AXIS2_PLACEMENT_3D('',#2340,#1911,#1912);
#1590=AXIS2_PLACEMENT_3D('',#2342,#1914,#1915);
#1591=AXIS2_PLACEMENT_3D('',#2344,#1917,#1918);
#1592=AXIS2_PLACEMENT_3D('',#2346,#1920,#1921);
#1593=AXIS2_PLACEMENT_3D('',#2355,#1926,#1927);
#1594=AXIS2_PLACEMENT_3D('',#2366,#1934,#1935);
#1595=AXIS2_PLACEMENT_3D('',#2368,#1937,#1938);
#1596=AXIS2_PLACEMENT_3D('',#2370,#1940,#1941);
#1597=AXIS2_PLACEMENT_3D('',#2373,#1944,#1945);
#1598=AXIS2_PLACEMENT_3D('',#2375,#1947,#1948);
#1599=AXIS2_PLACEMENT_3D('',#2377,#1950,#1951);
#1600=AXIS2_PLACEMENT_3D('',#2379,#1953,#1954);
#1601=AXIS2_PLACEMENT_3D('',#2381,#1956,#1957);
#1602=AXIS2_PLACEMENT_3D('',#2383,#1959,#1960);
#1603=AXIS2_PLACEMENT_3D('',#2385,#1962,#1963);
#1604=AXIS2_PLACEMENT_3D('',#2387,#1965,#1966);
#1605=AXIS2_PLACEMENT_3D('',#2389,#1968,#1969);
#1606=AXIS2_PLACEMENT_3D('',#2390,#1970,#1971);
#1607=AXIS2_PLACEMENT_3D('',#2391,#1972,#1973);
#1608=AXIS2_PLACEMENT_3D('',#2394,#1976,#1977);
#1609=AXIS2_PLACEMENT_3D('',#2396,#1979,#1980);
#1610=AXIS2_PLACEMENT_3D('',#2398,#1982,#1983);
#1611=AXIS2_PLACEMENT_3D('',#2399,#1984,#1985);
#1612=AXIS2_PLACEMENT_3D('',#2408,#1990,#1991);
#1613=AXIS2_PLACEMENT_3D('',#2410,#1992,#1993);
#1614=AXIS2_PLACEMENT_3D('',#2412,#1994,#1995);
#1615=AXIS2_PLACEMENT_3D('',#2414,#1997,#1998);
#1616=AXIS2_PLACEMENT_3D('',#2420,#2002,#2003);
#1617=AXIS2_PLACEMENT_3D('',#2422,#2004,#2005);
#1618=AXIS2_PLACEMENT_3D('',#2424,#2006,#2007);
#1619=AXIS2_PLACEMENT_3D('',#2426,#2009,#2010);
#1620=AXIS2_PLACEMENT_3D('',#2432,#2014,#2015);
#1621=AXIS2_PLACEMENT_3D('',#2434,#2016,#2017);
#1622=AXIS2_PLACEMENT_3D('',#2436,#2018,#2019);
#1623=AXIS2_PLACEMENT_3D('',#2438,#2021,#2022);
#1624=AXIS2_PLACEMENT_3D('',#2444,#2026,#2027);
#1625=AXIS2_PLACEMENT_3D('',#2445,#2028,#2029);
#1626=AXIS2_PLACEMENT_3D('',#2446,#2030,#2031);
#1627=AXIS2_PLACEMENT_3D('',#2447,#2032,#2033);
#1628=AXIS2_PLACEMENT_3D('',#2450,#2034,#2035);
#1629=AXIS2_PLACEMENT_3D('',#2454,#2037,#2038);
#1630=AXIS2_PLACEMENT_3D('',#2456,#2040,#2041);
#1631=AXIS2_PLACEMENT_3D('',#2462,#2045,#2046);
#1632=AXIS2_PLACEMENT_3D('',#2464,#2047,#2048);
#1633=AXIS2_PLACEMENT_3D('',#2466,#2049,#2050);
#1634=AXIS2_PLACEMENT_3D('',#2468,#2052,#2053);
#1635=AXIS2_PLACEMENT_3D('',#2474,#2057,#2058);
#1636=AXIS2_PLACEMENT_3D('',#2476,#2059,#2060);
#1637=AXIS2_PLACEMENT_3D('',#2478,#2061,#2062);
#1638=AXIS2_PLACEMENT_3D('',#2480,#2064,#2065);
#1639=AXIS2_PLACEMENT_3D('',#2486,#2069,#2070);
#1640=AXIS2_PLACEMENT_3D('',#2488,#2071,#2072);
#1641=AXIS2_PLACEMENT_3D('',#2490,#2073,#2074);
#1642=AXIS2_PLACEMENT_3D('',#2492,#2076,#2077);
#1643=AXIS2_PLACEMENT_3D('',#2495,#2080,#2081);
#1644=AXIS2_PLACEMENT_3D('',#2496,#2082,#2083);
#1645=DIRECTION('axis',(0.,0.,1.));
#1646=DIRECTION('refdir',(1.,0.,0.));
#1647=DIRECTION('center_axis',(0.,-1.48029736616687E-15,-1.));
#1648=DIRECTION('ref_axis',(-1.,0.,0.));
#1649=DIRECTION('center_axis',(0.,1.31838984174237E-15,1.));
#1650=DIRECTION('ref_axis',(-1.,0.,0.));
#1651=DIRECTION('',(0.,1.48029736616687E-15,1.));
#1652=DIRECTION('center_axis',(0.,1.31838984174237E-15,1.));
#1653=DIRECTION('ref_axis',(-1.,0.,0.));
#1654=DIRECTION('center_axis',(0.,-1.48029736616687E-15,-1.));
#1655=DIRECTION('ref_axis',(-1.,0.,0.));
#1656=DIRECTION('center_axis',(0.,1.31838984174237E-15,1.));
#1657=DIRECTION('ref_axis',(-1.,0.,0.));
#1658=DIRECTION('',(0.,1.48029736616687E-15,1.));
#1659=DIRECTION('center_axis',(0.,1.31838984174237E-15,1.));
#1660=DIRECTION('ref_axis',(-1.,0.,0.));
#1661=DIRECTION('center_axis',(0.,-1.48029736616687E-15,-1.));
#1662=DIRECTION('ref_axis',(-1.,0.,0.));
#1663=DIRECTION('center_axis',(0.,1.31838984174237E-15,1.));
#1664=DIRECTION('ref_axis',(-1.,0.,0.));
#1665=DIRECTION('',(0.,1.48029736616687E-15,1.));
#1666=DIRECTION('center_axis',(0.,1.31838984174237E-15,1.));
#1667=DIRECTION('ref_axis',(-1.,0.,0.));
#1668=DIRECTION('center_axis',(0.,-1.48029736616687E-15,-1.));
#1669=DIRECTION('ref_axis',(-1.,0.,0.));
#1670=DIRECTION('center_axis',(0.,1.31838984174237E-15,1.));
#1671=DIRECTION('ref_axis',(-1.,0.,0.));
#1672=DIRECTION('',(0.,1.48029736616687E-15,1.));
#1673=DIRECTION('center_axis',(0.,1.31838984174237E-15,1.));
#1674=DIRECTION('ref_axis',(-1.,0.,0.));
#1675=DIRECTION('center_axis',(0.,-1.48029736616687E-15,-1.));
#1676=DIRECTION('ref_axis',(-1.,0.,0.));
#1677=DIRECTION('center_axis',(0.,1.31838984174237E-15,1.));
#1678=DIRECTION('ref_axis',(-1.,0.,0.));
#1679=DIRECTION('',(0.,1.48029736616687E-15,1.));
#1680=DIRECTION('center_axis',(0.,1.31838984174237E-15,1.));
#1681=DIRECTION('ref_axis',(-1.,0.,0.));
#1682=DIRECTION('center_axis',(0.,-1.48029736616687E-15,-1.));
#1683=DIRECTION('ref_axis',(-1.,0.,0.));
#1684=DIRECTION('center_axis',(0.,1.31838984174237E-15,1.));
#1685=DIRECTION('ref_axis',(-1.,0.,0.));
#1686=DIRECTION('',(0.,1.48029736616687E-15,1.));
#1687=DIRECTION('center_axis',(0.,1.31838984174237E-15,1.));
#1688=DIRECTION('ref_axis',(-1.,0.,0.));
#1689=DIRECTION('center_axis',(0.,-1.48029736616687E-15,-1.));
#1690=DIRECTION('ref_axis',(-1.,0.,0.));
#1691=DIRECTION('center_axis',(0.,1.31838984174237E-15,1.));
#1692=DIRECTION('ref_axis',(-1.,0.,0.));
#1693=DIRECTION('',(0.,1.48029736616687E-15,1.));
#1694=DIRECTION('center_axis',(0.,1.31838984174237E-15,1.));
#1695=DIRECTION('ref_axis',(-1.,0.,0.));
#1696=DIRECTION('center_axis',(0.,-1.48029736616687E-15,-1.));
#1697=DIRECTION('ref_axis',(-1.,0.,0.));
#1698=DIRECTION('center_axis',(0.,1.31838984174237E-15,1.));
#1699=DIRECTION('ref_axis',(-1.,0.,0.));
#1700=DIRECTION('',(0.,1.48029736616687E-15,1.));
#1701=DIRECTION('center_axis',(0.,1.31838984174237E-15,1.));
#1702=DIRECTION('ref_axis',(-1.,0.,0.));
#1703=DIRECTION('center_axis',(0.,-1.48029736616687E-15,-1.));
#1704=DIRECTION('ref_axis',(-1.,0.,0.));
#1705=DIRECTION('center_axis',(0.,1.31838984174237E-15,1.));
#1706=DIRECTION('ref_axis',(-1.,0.,0.));
#1707=DIRECTION('',(0.,1.48029736616687E-15,1.));
#1708=DIRECTION('center_axis',(0.,1.31838984174237E-15,1.));
#1709=DIRECTION('ref_axis',(-1.,0.,0.));
#1710=DIRECTION('center_axis',(0.,-1.48029736616687E-15,-1.));
#1711=DIRECTION('ref_axis',(-1.,0.,0.));
#1712=DIRECTION('center_axis',(0.,1.31838984174237E-15,1.));
#1713=DIRECTION('ref_axis',(-1.,0.,0.));
#1714=DIRECTION('',(0.,1.48029736616687E-15,1.));
#1715=DIRECTION('center_axis',(0.,1.31838984174237E-15,1.));
#1716=DIRECTION('ref_axis',(-1.,0.,0.));
#1717=DIRECTION('center_axis',(0.,-1.48029736616687E-15,-1.));
#1718=DIRECTION('ref_axis',(-1.,0.,0.));
#1719=DIRECTION('center_axis',(0.,1.31838984174237E-15,1.));
#1720=DIRECTION('ref_axis',(-1.,0.,0.));
#1721=DIRECTION('',(0.,1.48029736616687E-15,1.));
#1722=DIRECTION('center_axis',(0.,1.31838984174237E-15,1.));
#1723=DIRECTION('ref_axis',(-1.,0.,0.));
#1724=DIRECTION('center_axis',(-9.34924652315921E-17,-1.,1.48029736616687E-15));
#1725=DIRECTION('ref_axis',(-1.,9.34924652315921E-17,-4.67462326157965E-17));
#1726=DIRECTION('',(1.,-9.34924652315921E-17,4.67462326157965E-17));
#1727=DIRECTION('',(0.,-1.48029736616687E-15,-1.));
#1728=DIRECTION('',(-1.,9.34924652315921E-17,-4.67462326157965E-17));
#1729=DIRECTION('',(0.,-1.48029736616687E-15,-1.));
#1730=DIRECTION('center_axis',(0.,-1.48029736616687E-15,-1.));
#1731=DIRECTION('ref_axis',(1.,2.22044604925031E-15,-3.20474742746036E-30));
#1732=DIRECTION('center_axis',(-1.77635683940025E-15,-1.31838984174238E-15,
-1.));
#1733=DIRECTION('ref_axis',(1.,2.22044604925031E-15,-1.77635683940025E-15));
#1734=DIRECTION('center_axis',(-1.77635683940025E-15,-1.31838984174238E-15,
-1.));
#1735=DIRECTION('ref_axis',(1.,2.22044604925031E-15,-1.77635683940025E-15));
#1736=DIRECTION('',(0.,-1.48029736616687E-15,-1.));
#1737=DIRECTION('center_axis',(1.,0.,0.));
#1738=DIRECTION('ref_axis',(0.,-1.,1.2591779470957E-15));
#1739=DIRECTION('',(0.,1.,-1.2591779470957E-15));
#1740=DIRECTION('',(0.,-1.,1.2591779470957E-15));
#1741=DIRECTION('',(0.,-1.48029736616687E-15,-1.));
#1742=DIRECTION('center_axis',(0.,-1.48029736616687E-15,-1.));
#1743=DIRECTION('ref_axis',(0.,1.,-1.48029736616687E-15));
#1744=DIRECTION('center_axis',(0.,-2.42861286636753E-15,-1.));
#1745=DIRECTION('ref_axis',(0.,1.,-2.42861286636753E-15));
#1746=DIRECTION('center_axis',(0.,-2.42861286636753E-15,-1.));
#1747=DIRECTION('ref_axis',(0.,1.,-2.42861286636753E-15));
#1748=DIRECTION('',(0.,-1.48029736616687E-15,-1.));
#1749=DIRECTION('center_axis',(-4.67462326157961E-17,1.,-1.48029736616687E-15));
#1750=DIRECTION('ref_axis',(1.,4.6746232615796E-17,-4.6746232615796E-17));
#1751=DIRECTION('',(-1.,-4.6746232615796E-17,4.6746232615796E-17));
#1752=DIRECTION('',(1.,4.6746232615796E-17,-4.6746232615796E-17));
#1753=DIRECTION('',(0.,-1.48029736616687E-15,-1.));
#1754=DIRECTION('center_axis',(0.,-1.48029736616687E-15,-1.));
#1755=DIRECTION('ref_axis',(-1.,1.11022302462516E-15,-1.60237371373018E-30));
#1756=DIRECTION('center_axis',(1.11022302462516E-15,-1.31838984174237E-15,
-1.));
#1757=DIRECTION('ref_axis',(-1.,1.11022302462515E-15,-1.11022302462516E-15));
#1758=DIRECTION('center_axis',(1.11022302462516E-15,-1.31838984174237E-15,
-1.));
#1759=DIRECTION('ref_axis',(-1.,1.11022302462515E-15,-1.11022302462516E-15));
#1760=DIRECTION('',(0.,-1.48029736616687E-15,-1.));
#1761=DIRECTION('center_axis',(-1.,-1.97372982155583E-16,2.92170705637412E-31));
#1762=DIRECTION('ref_axis',(-1.97372982155583E-16,1.,-1.51576282389796E-15));
#1763=DIRECTION('',(1.97372982155583E-16,-1.,1.51576282389796E-15));
#1764=DIRECTION('',(-1.97372982155583E-16,1.,-1.51576282389796E-15));
#1765=DIRECTION('',(0.,-1.48029736616687E-15,-1.));
#1766=DIRECTION('center_axis',(0.,-1.48029736616687E-15,-1.));
#1767=DIRECTION('ref_axis',(0.,-1.,1.48029736616687E-15));
#1768=DIRECTION('center_axis',(0.,-2.08166817117213E-16,-1.));
#1769=DIRECTION('ref_axis',(0.,-1.,2.08166817117213E-16));
#1770=DIRECTION('center_axis',(0.,-2.08166817117213E-16,-1.));
#1771=DIRECTION('ref_axis',(0.,-1.,2.08166817117213E-16));
#1772=DIRECTION('center_axis',(-1.77635683940025E-15,-1.31838984174238E-15,
-1.));
#1773=DIRECTION('ref_axis',(-1.,2.34193081237488E-30,1.77635683940025E-15));
#1774=DIRECTION('center_axis',(-1.77635683940025E-15,-1.31838984174238E-15,
-1.));
#1775=DIRECTION('ref_axis',(-1.,2.34193081237488E-30,1.77635683940025E-15));
#1776=DIRECTION('center_axis',(0.,0.,1.));
#1777=DIRECTION('ref_axis',(-1.,0.,0.));
#1778=DIRECTION('',(0.,0.,-1.));
#1779=DIRECTION('center_axis',(0.,0.,1.));
#1780=DIRECTION('ref_axis',(-1.,0.,0.));
#1781=DIRECTION('',(0.,0.,1.));
#1782=DIRECTION('center_axis',(0.,0.,1.));
#1783=DIRECTION('ref_axis',(-1.,0.,0.));
#1784=DIRECTION('center_axis',(0.,0.,1.));
#1785=DIRECTION('ref_axis',(-1.,0.,0.));
#1786=DIRECTION('center_axis',(0.,0.,-1.));
#1787=DIRECTION('ref_axis',(-1.,0.,0.));
#1788=DIRECTION('',(0.,0.,-1.));
#1789=DIRECTION('center_axis',(0.,0.,-1.));
#1790=DIRECTION('ref_axis',(-1.,0.,0.));
#1791=DIRECTION('center_axis',(0.,0.,1.));
#1792=DIRECTION('ref_axis',(-1.,0.,0.));
#1793=DIRECTION('center_axis',(0.,0.,1.));
#1794=DIRECTION('ref_axis',(-1.,0.,0.));
#1795=DIRECTION('center_axis',(0.,0.,1.));
#1796=DIRECTION('ref_axis',(-1.,0.,0.));
#1797=DIRECTION('center_axis',(0.,0.,1.));
#1798=DIRECTION('ref_axis',(-1.,0.,0.));
#1799=DIRECTION('center_axis',(0.,0.,1.));
#1800=DIRECTION('ref_axis',(-1.,0.,0.));
#1801=DIRECTION('center_axis',(0.,0.,1.));
#1802=DIRECTION('ref_axis',(-1.,0.,0.));
#1803=DIRECTION('',(0.,0.,-1.));
#1804=DIRECTION('center_axis',(0.,0.,1.));
#1805=DIRECTION('ref_axis',(-1.,0.,0.));
#1806=DIRECTION('',(0.,0.,1.));
#1807=DIRECTION('center_axis',(0.,0.,1.));
#1808=DIRECTION('ref_axis',(-1.,0.,0.));
#1809=DIRECTION('center_axis',(0.,0.,1.));
#1810=DIRECTION('ref_axis',(-1.,0.,0.));
#1811=DIRECTION('center_axis',(0.,0.,-1.));
#1812=DIRECTION('ref_axis',(-1.,0.,0.));
#1813=DIRECTION('',(0.,0.,-1.));
#1814=DIRECTION('center_axis',(0.,0.,-1.));
#1815=DIRECTION('ref_axis',(-1.,0.,0.));
#1816=DIRECTION('center_axis',(0.,0.,1.));
#1817=DIRECTION('ref_axis',(-1.,0.,0.));
#1818=DIRECTION('center_axis',(0.,0.,1.));
#1819=DIRECTION('ref_axis',(-1.,0.,0.));
#1820=DIRECTION('center_axis',(0.,0.,1.));
#1821=DIRECTION('ref_axis',(-1.,0.,0.));
#1822=DIRECTION('center_axis',(0.,0.,1.));
#1823=DIRECTION('ref_axis',(-1.,0.,0.));
#1824=DIRECTION('center_axis',(0.,0.,1.));
#1825=DIRECTION('ref_axis',(-1.,0.,0.));
#1826=DIRECTION('center_axis',(3.94430452610506E-31,1.97215226305254E-31,
1.));
#1827=DIRECTION('ref_axis',(-1.,0.,3.94430452610506E-31));
#1828=DIRECTION('center_axis',(1.97057596545677E-45,1.97215226305254E-31,
1.));
#1829=DIRECTION('ref_axis',(-1.,0.,1.97057596545677E-45));
#1830=DIRECTION('',(1.97372982155583E-16,-1.,0.));
#1831=DIRECTION('center_axis',(0.,0.,1.));
#1832=DIRECTION('ref_axis',(0.,1.,0.));
#1833=DIRECTION('',(-1.,0.,0.));
#1834=DIRECTION('center_axis',(0.,0.,1.));
#1835=DIRECTION('ref_axis',(1.,1.11022302462516E-15,0.));
#1836=DIRECTION('',(0.,1.,3.50604846764894E-32));
#1837=DIRECTION('center_axis',(3.94430452610506E-31,6.56858655152257E-46,
1.));
#1838=DIRECTION('ref_axis',(2.22044604925031E-15,-1.,-2.18952885050752E-46));
#1839=DIRECTION('',(1.,-9.34924652315921E-17,0.));
#1840=DIRECTION('',(-1.97372982155583E-16,1.,-3.50604846764893E-32));
#1841=DIRECTION('center_axis',(0.,0.,1.));
#1842=DIRECTION('ref_axis',(-1.,0.,0.));
#1843=DIRECTION('',(-1.,9.34924652315921E-17,4.15189950116323E-33));
#1844=DIRECTION('',(-1.,9.34924652315921E-17,4.15189950116323E-33));
#1845=DIRECTION('center_axis',(0.,0.,1.));
#1846=DIRECTION('ref_axis',(-1.,0.,0.));
#1847=DIRECTION('',(0.,-1.,-1.75302423382447E-32));
#1848=DIRECTION('center_axis',(0.,0.,1.));
#1849=DIRECTION('ref_axis',(-1.,0.,0.));
#1850=DIRECTION('',(1.,4.67462326157961E-17,0.));
#1851=DIRECTION('',(1.,4.67462326157961E-17,0.));
#1852=DIRECTION('center_axis',(0.,0.,1.));
#1853=DIRECTION('ref_axis',(-1.,0.,0.));
#1854=DIRECTION('center_axis',(0.,0.,-1.));
#1855=DIRECTION('ref_axis',(-1.,0.,0.));
#1856=DIRECTION('center_axis',(0.,0.,-1.));
#1857=DIRECTION('ref_axis',(-1.,0.,0.));
#1858=DIRECTION('center_axis',(0.,0.,-1.));
#1859=DIRECTION('ref_axis',(-1.,0.,0.));
#1860=DIRECTION('center_axis',(0.,0.,-1.));
#1861=DIRECTION('ref_axis',(-1.,0.,0.));
#1862=DIRECTION('center_axis',(3.94430452610506E-31,1.97215226305254E-31,
1.));
#1863=DIRECTION('ref_axis',(-1.,0.,3.94430452610506E-31));
#1864=DIRECTION('center_axis',(1.97057596545677E-45,1.97215226305254E-31,
1.));
#1865=DIRECTION('ref_axis',(-1.,0.,1.97057596545677E-45));
#1866=DIRECTION('',(1.,-9.34924652315921E-17,0.));
#1867=DIRECTION('center_axis',(3.94430452610506E-31,6.56858655152257E-46,
1.));
#1868=DIRECTION('ref_axis',(2.22044604925031E-15,-1.,-2.18952885050752E-46));
#1869=DIRECTION('',(0.,1.,3.50604846764894E-32));
#1870=DIRECTION('center_axis',(0.,0.,1.));
#1871=DIRECTION('ref_axis',(1.,1.11022302462516E-15,0.));
#1872=DIRECTION('',(-1.,0.,0.));
#1873=DIRECTION('center_axis',(0.,0.,1.));
#1874=DIRECTION('ref_axis',(0.,1.,0.));
#1875=DIRECTION('',(1.97372982155583E-16,-1.,0.));
#1876=DIRECTION('',(-1.97372982155583E-16,1.,-3.50604846764893E-32));
#1877=DIRECTION('center_axis',(0.,0.,1.));
#1878=DIRECTION('ref_axis',(-1.,0.,0.));
#1879=DIRECTION('',(1.,4.67462326157961E-17,0.));
#1880=DIRECTION('',(1.,4.67462326157961E-17,0.));
#1881=DIRECTION('center_axis',(0.,0.,1.));
#1882=DIRECTION('ref_axis',(-1.,0.,0.));
#1883=DIRECTION('',(0.,-1.,-1.75302423382447E-32));
#1884=DIRECTION('center_axis',(0.,0.,1.));
#1885=DIRECTION('ref_axis',(-1.,0.,0.));
#1886=DIRECTION('',(-1.,9.34924652315921E-17,4.15189950116323E-33));
#1887=DIRECTION('',(-1.,9.34924652315921E-17,4.15189950116323E-33));
#1888=DIRECTION('center_axis',(0.,0.,1.));
#1889=DIRECTION('ref_axis',(-1.,0.,0.));
#1890=DIRECTION('center_axis',(0.,0.,-1.));
#1891=DIRECTION('ref_axis',(-1.,0.,0.));
#1892=DIRECTION('center_axis',(0.,0.,-1.));
#1893=DIRECTION('ref_axis',(-1.,0.,0.));
#1894=DIRECTION('center_axis',(0.,0.,-1.));
#1895=DIRECTION('ref_axis',(-1.,0.,0.));
#1896=DIRECTION('center_axis',(0.,0.,-1.));
#1897=DIRECTION('ref_axis',(-1.,0.,0.));
#1898=DIRECTION('center_axis',(0.,0.,1.));
#1899=DIRECTION('ref_axis',(-1.,0.,0.));
#1900=DIRECTION('',(0.,0.,1.));
#1901=DIRECTION('',(0.,0.,1.));
#1902=DIRECTION('center_axis',(-9.34924652315921E-17,-1.,0.));
#1903=DIRECTION('ref_axis',(1.,-9.34924652315921E-17,0.));
#1904=DIRECTION('',(0.,0.,1.));
#1905=DIRECTION('center_axis',(0.,0.,1.));
#1906=DIRECTION('ref_axis',(2.22044604925031E-15,-1.,0.));
#1907=DIRECTION('',(0.,0.,1.));
#1908=DIRECTION('center_axis',(1.,0.,0.));
#1909=DIRECTION('ref_axis',(0.,1.,3.50604846764894E-32));
#1910=DIRECTION('',(0.,0.,1.));
#1911=DIRECTION('center_axis',(0.,0.,1.));
#1912=DIRECTION('ref_axis',(1.,1.11022302462516E-15,0.));
#1913=DIRECTION('',(0.,0.,1.));
#1914=DIRECTION('center_axis',(0.,1.,0.));
#1915=DIRECTION('ref_axis',(-1.,0.,0.));
#1916=DIRECTION('',(0.,0.,1.));
#1917=DIRECTION('center_axis',(0.,0.,1.));
#1918=DIRECTION('ref_axis',(0.,1.,0.));
#1919=DIRECTION('',(0.,0.,1.));
#1920=DIRECTION('center_axis',(-1.,-1.97372982155583E-16,0.));
#1921=DIRECTION('ref_axis',(1.97372982155583E-16,-1.,0.));
#1922=DIRECTION('',(0.,0.,-1.));
#1923=DIRECTION('',(-1.97372982155583E-16,1.,0.));
#1924=DIRECTION('',(0.,0.,1.));
#1925=DIRECTION('',(1.97372982155583E-16,-1.,0.));
#1926=DIRECTION('center_axis',(1.,1.97372982155583E-16,0.));
#1927=DIRECTION('ref_axis',(-1.97372982155583E-16,1.,-3.50604846764893E-32));
#1928=DIRECTION('',(0.,0.,1.));
#1929=DIRECTION('',(0.,0.,1.));
#1930=DIRECTION('',(0.,0.,1.));
#1931=DIRECTION('',(-1.97372982155583E-16,1.,0.));
#1932=DIRECTION('',(0.,0.,-1.));
#1933=DIRECTION('',(1.97372982155583E-16,-1.,0.));
#1934=DIRECTION('center_axis',(0.,0.,1.));
#1935=DIRECTION('ref_axis',(0.707106781186547,-0.707106781186548,0.));
#1936=DIRECTION('',(0.,0.,1.));
#1937=DIRECTION('center_axis',(4.67462326157961E-17,-1.,0.));
#1938=DIRECTION('ref_axis',(1.,4.67462326157961E-17,0.));
#1939=DIRECTION('',(0.,0.,1.));
#1940=DIRECTION('center_axis',(0.,0.,1.));
#1941=DIRECTION('ref_axis',(-1.,0.,0.));
#1942=DIRECTION('',(0.,0.,1.));
#1943=DIRECTION('',(0.,0.,1.));
#1944=DIRECTION('center_axis',(-1.,0.,0.));
#1945=DIRECTION('ref_axis',(0.,-1.,-1.75302423382447E-32));
#1946=DIRECTION('',(0.,0.,1.));
#1947=DIRECTION('center_axis',(0.,0.,1.));
#1948=DIRECTION('ref_axis',(-1.,0.,0.));
#1949=DIRECTION('',(0.,0.,1.));
#1950=DIRECTION('center_axis',(9.34924652315921E-17,1.,0.));
#1951=DIRECTION('ref_axis',(-1.,9.34924652315921E-17,4.15189950116323E-33));
#1952=DIRECTION('',(0.,0.,1.));
#1953=DIRECTION('center_axis',(0.,0.,1.));
#1954=DIRECTION('ref_axis',(0.707106781186549,0.707106781186546,0.));
#1955=DIRECTION('',(0.,0.,1.));
#1956=DIRECTION('center_axis',(0.,0.,1.));
#1957=DIRECTION('ref_axis',(-1.,0.,0.));
#1958=DIRECTION('',(0.,0.,-1.));
#1959=DIRECTION('center_axis',(0.,0.,1.));
#1960=DIRECTION('ref_axis',(-1.,0.,0.));
#1961=DIRECTION('',(0.,0.,-1.));
#1962=DIRECTION('center_axis',(0.,0.,1.));
#1963=DIRECTION('ref_axis',(-1.,0.,0.));
#1964=DIRECTION('',(0.,0.,-1.));
#1965=DIRECTION('center_axis',(0.,0.,1.));
#1966=DIRECTION('ref_axis',(-1.,0.,0.));
#1967=DIRECTION('',(0.,0.,-1.));
#1968=DIRECTION('center_axis',(9.34924652315921E-17,1.,0.));
#1969=DIRECTION('ref_axis',(-1.,9.34924652315921E-17,4.15189950116323E-33));
#1970=DIRECTION('center_axis',(4.67462326157961E-17,-1.,0.));
#1971=DIRECTION('ref_axis',(1.,4.67462326157961E-17,0.));
#1972=DIRECTION('center_axis',(0.,0.,1.));
#1973=DIRECTION('ref_axis',(0.,-1.,0.));
#1974=DIRECTION('',(1.,0.,0.));
#1975=DIRECTION('',(1.,0.,0.));
#1976=DIRECTION('center_axis',(0.,-1.,0.));
#1977=DIRECTION('ref_axis',(0.,0.,-1.));
#1978=DIRECTION('',(1.,0.,0.));
#1979=DIRECTION('center_axis',(0.,0.,-1.));
#1980=DIRECTION('ref_axis',(0.,1.,0.));
#1981=DIRECTION('',(1.,0.,0.));
#1982=DIRECTION('center_axis',(0.,1.,0.));
#1983=DIRECTION('ref_axis',(0.,0.,1.));
#1984=DIRECTION('center_axis',(-1.,1.97372982155583E-16,0.));
#1985=DIRECTION('ref_axis',(-1.97372982155583E-16,-1.,-2.19128029228065E-32));
#1986=DIRECTION('',(-1.97372982155583E-16,-1.,-2.19128029228065E-32));
#1987=DIRECTION('',(0.,0.,1.));
#1988=DIRECTION('',(-1.97372982155583E-16,-1.,-2.19128029228065E-32));
#1989=DIRECTION('',(0.,0.,1.));
#1990=DIRECTION('center_axis',(0.,0.,1.));
#1991=DIRECTION('ref_axis',(1.,0.,0.));
#1992=DIRECTION('center_axis',(3.58573138736834E-31,0.,-1.));
#1993=DIRECTION('ref_axis',(1.,0.,3.58573138736834E-31));
#1994=DIRECTION('center_axis',(3.58573138736834E-31,0.,-1.));
#1995=DIRECTION('ref_axis',(1.,0.,3.58573138736834E-31));
#1996=DIRECTION('',(0.,0.,1.));
#1997=DIRECTION('center_axis',(0.,-1.,0.));
#1998=DIRECTION('ref_axis',(1.,0.,2.31247098248353E-48));
#1999=DIRECTION('',(1.,0.,2.31247098248353E-48));
#2000=DIRECTION('',(1.,0.,2.31247098248353E-48));
#2001=DIRECTION('',(0.,0.,1.));
#2002=DIRECTION('center_axis',(0.,0.,1.));
#2003=DIRECTION('ref_axis',(0.,1.,0.));
#2004=DIRECTION('center_axis',(0.,5.57334616492824E-46,-1.));
#2005=DIRECTION('ref_axis',(0.,1.,5.57334616492824E-46));
#2006=DIRECTION('center_axis',(0.,5.57334616492824E-46,-1.));
#2007=DIRECTION('ref_axis',(0.,1.,5.57334616492824E-46));
#2008=DIRECTION('',(0.,0.,1.));
#2009=DIRECTION('center_axis',(1.,0.,0.));
#2010=DIRECTION('ref_axis',(0.,1.,2.19128029228065E-32));
#2011=DIRECTION('',(0.,1.,2.19128029228065E-32));
#2012=DIRECTION('',(0.,1.,2.19128029228065E-32));
#2013=DIRECTION('',(0.,0.,1.));
#2014=DIRECTION('center_axis',(0.,0.,1.));
#2015=DIRECTION('ref_axis',(-1.,1.61486985400023E-15,0.));
#2016=DIRECTION('center_axis',(3.58573138736833E-31,-5.79048952200353E-46,
-1.));
#2017=DIRECTION('ref_axis',(-1.,1.61486985400023E-15,-3.58573138736833E-31));
#2018=DIRECTION('center_axis',(3.58573138736833E-31,-5.79048952200353E-46,
-1.));
#2019=DIRECTION('ref_axis',(-1.,1.61486985400023E-15,-3.58573138736833E-31));
#2020=DIRECTION('',(0.,0.,1.));
#2021=DIRECTION('center_axis',(-4.67462326157961E-17,1.,0.));
#2022=DIRECTION('ref_axis',(-1.,-4.67462326157961E-17,1.14467983410789E-48));
#2023=DIRECTION('',(-1.,-4.67462326157961E-17,1.14467983410789E-48));
#2024=DIRECTION('',(-1.,-4.67462326157961E-17,1.14467983410789E-48));
#2025=DIRECTION('',(0.,0.,1.));
#2026=DIRECTION('center_axis',(0.,0.,1.));
#2027=DIRECTION('ref_axis',(0.,-1.,0.));
#2028=DIRECTION('center_axis',(0.,7.07160827029678E-62,-1.));
#2029=DIRECTION('ref_axis',(0.,-1.,-7.07160827029678E-62));
#2030=DIRECTION('center_axis',(0.,7.07160827029678E-62,-1.));
#2031=DIRECTION('ref_axis',(0.,-1.,-7.07160827029678E-62));
#2032=DIRECTION('center_axis',(0.,0.,1.));
#2033=DIRECTION('ref_axis',(0.,1.,0.));
#2034=DIRECTION('center_axis',(0.,0.,1.));
#2035=DIRECTION('ref_axis',(0.,1.,0.));
#2036=DIRECTION('',(0.,0.,1.));
#2037=DIRECTION('center_axis',(0.,0.,1.));
#2038=DIRECTION('ref_axis',(0.,1.,0.));
#2039=DIRECTION('',(0.,0.,1.));
#2040=DIRECTION('center_axis',(4.67462326157961E-17,1.,0.));
#2041=DIRECTION('ref_axis',(-1.,4.67462326157961E-17,-4.09408899859286E-63));
#2042=DIRECTION('',(-1.,4.67462326157961E-17,-4.09408899859286E-63));
#2043=DIRECTION('',(-1.,4.67462326157961E-17,-4.09408899859286E-63));
#2044=DIRECTION('',(0.,0.,1.));
#2045=DIRECTION('center_axis',(0.,0.,1.));
#2046=DIRECTION('ref_axis',(1.,1.11022302462516E-15,0.));
#2047=DIRECTION('center_axis',(-2.49289902534651E-91,2.24540382432456E-76,
1.));
#2048=DIRECTION('ref_axis',(1.,1.11022302462516E-15,0.));
#2049=DIRECTION('center_axis',(-2.49289902534651E-91,2.24540382432456E-76,
1.));
#2050=DIRECTION('ref_axis',(1.,1.11022302462516E-15,0.));
#2051=DIRECTION('',(0.,0.,1.));
#2052=DIRECTION('center_axis',(1.,1.97372982155583E-16,0.));
#2053=DIRECTION('ref_axis',(-1.97372982155583E-16,1.,0.));
#2054=DIRECTION('',(-1.97372982155583E-16,1.,0.));
#2055=DIRECTION('',(-1.97372982155583E-16,1.,0.));
#2056=DIRECTION('',(0.,0.,1.));
#2057=DIRECTION('center_axis',(0.,0.,1.));
#2058=DIRECTION('ref_axis',(1.11022302462516E-15,-1.,0.));
#2059=DIRECTION('center_axis',(0.,0.,1.));
#2060=DIRECTION('ref_axis',(1.11022302462516E-15,-1.,0.));
#2061=DIRECTION('center_axis',(0.,0.,1.));
#2062=DIRECTION('ref_axis',(1.11022302462516E-15,-1.,0.));
#2063=DIRECTION('',(0.,0.,1.));
#2064=DIRECTION('center_axis',(-4.67462326157961E-17,-1.,0.));
#2065=DIRECTION('ref_axis',(1.,-4.67462326157961E-17,0.));
#2066=DIRECTION('',(1.,-4.67462326157961E-17,0.));
#2067=DIRECTION('',(1.,-4.67462326157961E-17,0.));
#2068=DIRECTION('',(0.,0.,1.));
#2069=DIRECTION('center_axis',(0.,0.,1.));
#2070=DIRECTION('ref_axis',(-1.,1.11022302462516E-15,0.));
#2071=DIRECTION('center_axis',(0.,0.,1.));
#2072=DIRECTION('ref_axis',(-1.,1.11022302462516E-15,0.));
#2073=DIRECTION('center_axis',(0.,0.,1.));
#2074=DIRECTION('ref_axis',(-1.,1.11022302462516E-15,0.));
#2075=DIRECTION('',(0.,0.,1.));
#2076=DIRECTION('center_axis',(-1.,-1.97372982155583E-16,0.));
#2077=DIRECTION('ref_axis',(1.97372982155583E-16,-1.,0.));
#2078=DIRECTION('',(1.97372982155583E-16,-1.,0.));
#2079=DIRECTION('',(1.97372982155583E-16,-1.,0.));
#2080=DIRECTION('center_axis',(0.,0.,1.));
#2081=DIRECTION('ref_axis',(-1.,0.,0.));
#2082=DIRECTION('center_axis',(0.,0.,1.));
#2083=DIRECTION('ref_axis',(-1.,0.,0.));
#2084=CARTESIAN_POINT('',(0.,0.,0.));
#2085=CARTESIAN_POINT('Origin',(50.,-44.9999999736907,-37.4741123564296));
#2086=CARTESIAN_POINT('',(51.6,-44.9999999736907,-40.4741123564296));
#2087=CARTESIAN_POINT('Origin',(50.,-44.9999999736907,-40.4741123564296));
#2088=CARTESIAN_POINT('',(51.6,-44.9999999736907,-37.4741123564296));
#2089=CARTESIAN_POINT('',(51.6,-44.9999999736907,-37.4741123564296));
#2090=CARTESIAN_POINT('Origin',(50.,-44.9999999736907,-37.4741123564296));
#2091=CARTESIAN_POINT('Origin',(-140.,45.0000000263093,-37.4741123564297));
#2092=CARTESIAN_POINT('',(-138.4,45.0000000263093,-40.4741123564297));
#2093=CARTESIAN_POINT('Origin',(-140.,45.0000000263093,-40.4741123564297));
#2094=CARTESIAN_POINT('',(-138.4,45.0000000263093,-37.4741123564297));
#2095=CARTESIAN_POINT('',(-138.4,45.0000000263093,-37.4741123564297));
#2096=CARTESIAN_POINT('Origin',(-140.,45.0000000263093,-37.4741123564297));
#2097=CARTESIAN_POINT('Origin',(-45.,-44.9999999736907,-37.4741123564296));
#2098=CARTESIAN_POINT('',(-43.4,-44.9999999736907,-40.4741123564296));
#2099=CARTESIAN_POINT('Origin',(-45.,-44.9999999736907,-40.4741123564296));
#2100=CARTESIAN_POINT('',(-43.4,-44.9999999736907,-37.4741123564296));
#2101=CARTESIAN_POINT('',(-43.4,-44.9999999736907,-37.4741123564296));
#2102=CARTESIAN_POINT('Origin',(-45.,-44.9999999736907,-37.4741123564296));
#2103=CARTESIAN_POINT('Origin',(50.,45.0000000263093,-37.4741123564297));
#2104=CARTESIAN_POINT('',(51.6,45.0000000263093,-40.4741123564297));
#2105=CARTESIAN_POINT('Origin',(50.,45.0000000263093,-40.4741123564297));
#2106=CARTESIAN_POINT('',(51.6,45.0000000263093,-37.4741123564297));
#2107=CARTESIAN_POINT('',(51.6,45.0000000263093,-37.4741123564297));
#2108=CARTESIAN_POINT('Origin',(50.,45.0000000263093,-37.4741123564297));
#2109=CARTESIAN_POINT('Origin',(-45.,45.0000000263093,-37.4741123564297));
#2110=CARTESIAN_POINT('',(-43.4,45.0000000263093,-40.4741123564297));
#2111=CARTESIAN_POINT('Origin',(-45.,45.0000000263093,-40.4741123564297));
#2112=CARTESIAN_POINT('',(-43.4,45.0000000263093,-37.4741123564297));
#2113=CARTESIAN_POINT('',(-43.4,45.0000000263093,-37.4741123564297));
#2114=CARTESIAN_POINT('Origin',(-45.,45.0000000263093,-37.4741123564297));
#2115=CARTESIAN_POINT('Origin',(-140.,-44.9999999736907,-37.4741123564296));
#2116=CARTESIAN_POINT('',(-138.4,-44.9999999736907,-40.4741123564296));
#2117=CARTESIAN_POINT('Origin',(-140.,-44.9999999736907,-40.4741123564296));
#2118=CARTESIAN_POINT('',(-138.4,-44.9999999736907,-37.4741123564296));
#2119=CARTESIAN_POINT('',(-138.4,-44.9999999736907,-37.4741123564296));
#2120=CARTESIAN_POINT('Origin',(-140.,-44.9999999736907,-37.4741123564296));
#2121=CARTESIAN_POINT('Origin',(-120.,-35.,-37.4741123564296));
#2122=CARTESIAN_POINT('',(-117.5,-35.0000000000001,-40.4741123564296));
#2123=CARTESIAN_POINT('Origin',(-120.,-35.0000000000001,-40.4741123564296));
#2124=CARTESIAN_POINT('',(-117.5,-35.,-37.4741123564296));
#2125=CARTESIAN_POINT('',(-117.5,-35.,-37.4741123564296));
#2126=CARTESIAN_POINT('Origin',(-120.,-35.,-37.4741123564296));
#2127=CARTESIAN_POINT('Origin',(30.,35.,-37.4741123564297));
#2128=CARTESIAN_POINT('',(32.5,34.9999999999999,-40.4741123564297));
#2129=CARTESIAN_POINT('Origin',(30.,34.9999999999999,-40.4741123564297));
#2130=CARTESIAN_POINT('',(32.5,35.,-37.4741123564297));
#2131=CARTESIAN_POINT('',(32.5,35.,-37.4741123564297));
#2132=CARTESIAN_POINT('Origin',(30.,35.,-37.4741123564297));
#2133=CARTESIAN_POINT('Origin',(-120.,-4.94054890590292E-14,-37.4741123564297));
#2134=CARTESIAN_POINT('',(-105.,-5.77315972805081E-14,-40.4741123564297));
#2135=CARTESIAN_POINT('Origin',(-120.,-5.38463811575298E-14,-40.4741123564297));
#2136=CARTESIAN_POINT('',(-105.,-5.12424592577502E-14,-37.4741123564297));
#2137=CARTESIAN_POINT('',(-105.,-5.12424592577502E-14,-37.4741123564297));
#2138=CARTESIAN_POINT('Origin',(-120.,-4.94054890590292E-14,-37.4741123564297));
#2139=CARTESIAN_POINT('Origin',(30.,-35.,-37.4741123564296));
#2140=CARTESIAN_POINT('',(32.5,-35.0000000000001,-40.4741123564296));
#2141=CARTESIAN_POINT('Origin',(30.,-35.0000000000001,-40.4741123564296));
#2142=CARTESIAN_POINT('',(32.5,-35.,-37.4741123564296));
#2143=CARTESIAN_POINT('',(32.5,-35.,-37.4741123564296));
#2144=CARTESIAN_POINT('Origin',(30.,-35.,-37.4741123564296));
#2145=CARTESIAN_POINT('Origin',(-120.,35.,-37.4741123564297));
#2146=CARTESIAN_POINT('',(-117.5,34.9999999999999,-40.4741123564297));
#2147=CARTESIAN_POINT('Origin',(-120.,34.9999999999999,-40.4741123564297));
#2148=CARTESIAN_POINT('',(-117.5,35.,-37.4741123564297));
#2149=CARTESIAN_POINT('',(-117.5,35.,-37.4741123564297));
#2150=CARTESIAN_POINT('Origin',(-120.,35.,-37.4741123564297));
#2151=CARTESIAN_POINT('Origin',(50.,-52.9999999736907,-37.4741123564296));
#2152=CARTESIAN_POINT('',(-140.,-52.9999999736907,-37.4741123564296));
#2153=CARTESIAN_POINT('',(50.,-52.9999999736907,-37.4741123564296));
#2154=CARTESIAN_POINT('',(-140.,-52.9999999736907,-37.4741123564296));
#2155=CARTESIAN_POINT('',(-140.,-52.9999999736907,-40.4741123564296));
#2156=CARTESIAN_POINT('',(-140.,-52.9999999736907,-37.4741123564296));
#2157=CARTESIAN_POINT('',(50.,-52.9999999736907,-40.4741123564296));
#2158=CARTESIAN_POINT('',(-140.,-52.9999999736907,-40.4741123564296));
#2159=CARTESIAN_POINT('',(50.,-52.9999999736907,-37.4741123564296));
#2160=CARTESIAN_POINT('Origin',(50.,-44.9999999736907,-37.4741123564296));
#2161=CARTESIAN_POINT('',(58.,-44.9999999736907,-37.4741123564296));
#2162=CARTESIAN_POINT('Origin',(50.,-44.9999999736907,-37.4741123564296));
#2163=CARTESIAN_POINT('',(58.,-44.9999999736907,-40.4741123564296));
#2164=CARTESIAN_POINT('Origin',(50.,-44.9999999736907,-40.4741123564296));
#2165=CARTESIAN_POINT('',(58.,-44.9999999736907,-37.4741123564296));
#2166=CARTESIAN_POINT('Origin',(58.,45.0000000263093,-37.4741123564297));
#2167=CARTESIAN_POINT('',(58.,45.0000000263093,-37.4741123564297));
#2168=CARTESIAN_POINT('',(58.,-44.9999999736907,-37.4741123564296));
#2169=CARTESIAN_POINT('',(58.,45.0000000263093,-40.4741123564297));
#2170=CARTESIAN_POINT('',(58.,-44.9999999736907,-40.4741123564296));
#2171=CARTESIAN_POINT('',(58.,45.0000000263093,-37.4741123564297));
#2172=CARTESIAN_POINT('Origin',(50.,45.0000000263093,-37.4741123564297));
#2173=CARTESIAN_POINT('',(50.,53.0000000263093,-37.4741123564298));
#2174=CARTESIAN_POINT('Origin',(50.,45.0000000263093,-37.4741123564297));
#2175=CARTESIAN_POINT('',(50.,53.0000000263093,-40.4741123564298));
#2176=CARTESIAN_POINT('Origin',(50.,45.0000000263093,-40.4741123564297));
#2177=CARTESIAN_POINT('',(50.,53.0000000263093,-37.4741123564298));
#2178=CARTESIAN_POINT('Origin',(-140.,53.0000000263093,-37.4741123564297));
#2179=CARTESIAN_POINT('',(-140.,53.0000000263093,-37.4741123564297));
#2180=CARTESIAN_POINT('',(50.,53.0000000263093,-37.4741123564298));
#2181=CARTESIAN_POINT('',(-140.,53.0000000263093,-40.4741123564297));
#2182=CARTESIAN_POINT('',(50.,53.0000000263093,-40.4741123564298));
#2183=CARTESIAN_POINT('',(-140.,53.0000000263093,-37.4741123564297));
#2184=CARTESIAN_POINT('Origin',(-140.,45.0000000263093,-37.4741123564297));
#2185=CARTESIAN_POINT('',(-148.,45.0000000263093,-37.4741123564297));
#2186=CARTESIAN_POINT('Origin',(-140.,45.0000000263093,-37.4741123564297));
#2187=CARTESIAN_POINT('',(-148.,45.0000000263093,-40.4741123564297));
#2188=CARTESIAN_POINT('Origin',(-140.,45.0000000263093,-40.4741123564297));
#2189=CARTESIAN_POINT('',(-148.,45.0000000263093,-37.4741123564297));
#2190=CARTESIAN_POINT('Origin',(-148.,-44.9999999736907,-37.4741123564296));
#2191=CARTESIAN_POINT('',(-148.,-44.9999999736907,-37.4741123564296));
#2192=CARTESIAN_POINT('',(-148.,45.0000000263093,-37.4741123564297));
#2193=CARTESIAN_POINT('',(-148.,-44.9999999736907,-40.4741123564296));
#2194=CARTESIAN_POINT('',(-148.,45.0000000263093,-40.4741123564297));
#2195=CARTESIAN_POINT('',(-148.,-44.9999999736907,-37.4741123564296));
#2196=CARTESIAN_POINT('Origin',(-140.,-44.9999999736907,-37.4741123564296));
#2197=CARTESIAN_POINT('Origin',(-140.,-44.9999999736907,-37.4741123564296));
#2198=CARTESIAN_POINT('Origin',(-140.,-44.9999999736907,-40.4741123564296));
#2199=CARTESIAN_POINT('Origin',(-45.,2.63092742030974E-8,-40.4741123564295));
#2200=CARTESIAN_POINT('Origin',(-45.,2.63092786439895E-8,-37.4741123564295));
#2201=CARTESIAN_POINT('Origin',(-44.9999999999999,-44.9999999736907,-37.4741123564295));
#2202=CARTESIAN_POINT('',(-41.,-44.9999999736907,2.5258876435705));
#2203=CARTESIAN_POINT('',(-41.,-44.9999999736907,-37.4741123564295));
#2204=CARTESIAN_POINT('',(-41.,-44.9999999736907,-37.4741123564295));
#2205=CARTESIAN_POINT('',(-44.9999999999999,-48.9999999736907,2.5258876435705));
#2206=CARTESIAN_POINT('Origin',(-44.9999999999999,-44.9999999736907,2.5258876435705));
#2207=CARTESIAN_POINT('',(-44.9999999999999,-48.9999999736907,-37.4741123564295));
#2208=CARTESIAN_POINT('',(-44.9999999999999,-48.9999999736907,-37.4741123564295));
#2209=CARTESIAN_POINT('Origin',(-44.9999999999999,-44.9999999736907,-37.4741123564295));
#2210=CARTESIAN_POINT('Origin',(-44.9999999999999,-44.9999999736907,-37.4741123564295));
#2211=CARTESIAN_POINT('',(-43.5999999999999,-44.9999999736907,2.5258876435705));
#2212=CARTESIAN_POINT('Origin',(-44.9999999999999,-44.9999999736907,2.5258876435705));
#2213=CARTESIAN_POINT('',(-43.5999999999999,-44.9999999736907,-37.4741123564295));
#2214=CARTESIAN_POINT('',(-43.5999999999999,-44.9999999736907,-37.4741123564295));
#2215=CARTESIAN_POINT('Origin',(-44.9999999999999,-44.9999999736907,-37.4741123564295));
#2216=CARTESIAN_POINT('Origin',(-44.9999999999999,-44.9999999736907,-37.4741123564295));
#2217=CARTESIAN_POINT('Origin',(-44.9999999999999,-44.9999999736907,-37.4741123564295));
#2218=CARTESIAN_POINT('Origin',(-44.9999999999999,-44.9999999736907,2.5258876435705));
#2219=CARTESIAN_POINT('Origin',(-44.9999999999999,-44.9999999736907,2.5258876435705));
#2220=CARTESIAN_POINT('Origin',(-44.9999999999999,-44.9999999736907,-37.4741123564295));
#2221=CARTESIAN_POINT('Origin',(-44.9999999999999,45.0000000263093,-37.4741123564295));
#2222=CARTESIAN_POINT('',(-41.,45.0000000263093,2.5258876435705));
#2223=CARTESIAN_POINT('',(-41.,45.0000000263093,-37.4741123564295));
#2224=CARTESIAN_POINT('',(-41.,45.0000000263093,-37.4741123564295));
#2225=CARTESIAN_POINT('',(-44.9999999999999,49.0000000263093,2.5258876435705));
#2226=CARTESIAN_POINT('Origin',(-44.9999999999999,45.0000000263093,2.5258876435705));
#2227=CARTESIAN_POINT('',(-44.9999999999999,49.0000000263093,-37.4741123564295));
#2228=CARTESIAN_POINT('',(-44.9999999999999,49.0000000263093,-37.4741123564295));
#2229=CARTESIAN_POINT('Origin',(-44.9999999999999,45.0000000263093,-37.4741123564295));
#2230=CARTESIAN_POINT('Origin',(-44.9999999999999,45.0000000263093,-37.4741123564295));
#2231=CARTESIAN_POINT('',(-43.5999999999999,45.0000000263093,2.5258876435705));
#2232=CARTESIAN_POINT('Origin',(-44.9999999999999,45.0000000263093,2.5258876435705));
#2233=CARTESIAN_POINT('',(-43.5999999999999,45.0000000263093,-37.4741123564295));
#2234=CARTESIAN_POINT('',(-43.5999999999999,45.0000000263093,-37.4741123564295));
#2235=CARTESIAN_POINT('Origin',(-44.9999999999999,45.0000000263093,-37.4741123564295));
#2236=CARTESIAN_POINT('Origin',(-44.9999999999999,45.0000000263093,-37.4741123564295));
#2237=CARTESIAN_POINT('Origin',(-44.9999999999999,45.0000000263093,-37.4741123564295));
#2238=CARTESIAN_POINT('Origin',(-44.9999999999999,45.0000000263093,2.5258876435705));
#2239=CARTESIAN_POINT('Origin',(-44.9999999999999,45.0000000263093,2.5258876435705));
#2240=CARTESIAN_POINT('Origin',(-44.9999999999999,45.0000000263093,-37.4741123564295));
#2241=CARTESIAN_POINT('Origin',(-44.9999999999999,2.63093191676944E-8,-37.4741123564295));
#2242=CARTESIAN_POINT('',(-148.,-44.9999999736907,-37.4741123564295));
#2243=CARTESIAN_POINT('',(-140.,-52.9999999736907,-37.4741123564295));
#2244=CARTESIAN_POINT('Origin',(-140.,-44.9999999736907,-37.4741123564295));
#2245=CARTESIAN_POINT('',(-148.,45.0000000263093,-37.4741123564295));
#2246=CARTESIAN_POINT('',(-148.,45.0000000263093,-37.4741123564295));
#2247=CARTESIAN_POINT('',(-140.,53.0000000263093,-37.4741123564295));
#2248=CARTESIAN_POINT('Origin',(-140.,45.0000000263093,-37.4741123564295));
#2249=CARTESIAN_POINT('',(50.0000000000001,53.0000000263093,-37.4741123564295));
#2250=CARTESIAN_POINT('',(50.0000000000001,53.0000000263093,-37.4741123564295));
#2251=CARTESIAN_POINT('',(58.0000000000001,45.0000000263093,-37.4741123564295));
#2252=CARTESIAN_POINT('Origin',(50.0000000000001,45.0000000263093,-37.4741123564295));
#2253=CARTESIAN_POINT('',(58.0000000000001,-44.9999999736907,-37.4741123564295));
#2254=CARTESIAN_POINT('',(58.0000000000001,-44.9999999736907,-37.4741123564295));
#2255=CARTESIAN_POINT('',(50.0000000000001,-52.9999999736907,-37.4741123564295));
#2256=CARTESIAN_POINT('Origin',(50.0000000000001,-44.9999999736907,-37.4741123564295));
#2257=CARTESIAN_POINT('',(-140.,-52.9999999736907,-37.4741123564295));
#2258=CARTESIAN_POINT('',(-144.,-44.9999999736907,-37.4741123564295));
#2259=CARTESIAN_POINT('',(-144.,45.0000000263093,-37.4741123564295));
#2260=CARTESIAN_POINT('',(-144.,45.0000000263093,-37.4741123564295));
#2261=CARTESIAN_POINT('',(-140.,-48.9999999736906,-37.4741123564295));
#2262=CARTESIAN_POINT('Origin',(-140.,-44.9999999736907,-37.4741123564295));
#2263=CARTESIAN_POINT('',(-44.9999999999999,-48.9999999736907,-37.4741123564295));
#2264=CARTESIAN_POINT('',(-140.,-48.9999999736907,-37.4741123564295));
#2265=CARTESIAN_POINT('',(50.0000000000001,-48.9999999736907,-37.4741123564295));
#2266=CARTESIAN_POINT('',(-140.,-48.9999999736907,-37.4741123564295));
#2267=CARTESIAN_POINT('',(54.0000000000001,-44.9999999736907,-37.4741123564295));
#2268=CARTESIAN_POINT('Origin',(50.0000000000001,-44.9999999736907,-37.4741123564295));
#2269=CARTESIAN_POINT('',(54.0000000000001,45.0000000263093,-37.4741123564295));
#2270=CARTESIAN_POINT('',(54.0000000000001,-44.9999999736907,-37.4741123564295));
#2271=CARTESIAN_POINT('',(50.0000000000001,49.0000000263093,-37.4741123564295));
#2272=CARTESIAN_POINT('Origin',(50.0000000000001,45.0000000263093,-37.4741123564295));
#2273=CARTESIAN_POINT('',(-44.9999999999999,49.0000000263093,-37.4741123564295));
#2274=CARTESIAN_POINT('',(50.0000000000001,49.0000000263093,-37.4741123564295));
#2275=CARTESIAN_POINT('',(-140.,49.0000000263093,-37.4741123564295));
#2276=CARTESIAN_POINT('',(50.0000000000001,49.0000000263093,-37.4741123564295));
#2277=CARTESIAN_POINT('Origin',(-140.,45.0000000263093,-37.4741123564295));
#2278=CARTESIAN_POINT('',(51.4000000000001,45.0000000263093,-37.4741123564295));
#2279=CARTESIAN_POINT('Origin',(50.0000000000001,45.0000000263093,-37.4741123564295));
#2280=CARTESIAN_POINT('',(51.4000000000001,-44.9999999736907,-37.4741123564295));
#2281=CARTESIAN_POINT('Origin',(50.0000000000001,-44.9999999736907,-37.4741123564295));
#2282=CARTESIAN_POINT('',(-138.6,45.0000000263093,-37.4741123564295));
#2283=CARTESIAN_POINT('Origin',(-140.,45.0000000263093,-37.4741123564295));
#2284=CARTESIAN_POINT('',(-138.6,-44.9999999736907,-37.4741123564295));
#2285=CARTESIAN_POINT('Origin',(-140.,-44.9999999736907,-37.4741123564295));
#2286=CARTESIAN_POINT('Origin',(-44.9999999999999,2.63093191676944E-8,2.5258876435705));
#2287=CARTESIAN_POINT('',(-148.,-44.9999999736907,2.5258876435705));
#2288=CARTESIAN_POINT('',(-140.,-52.9999999736907,2.5258876435705));
#2289=CARTESIAN_POINT('Origin',(-140.,-44.9999999736907,2.5258876435705));
#2290=CARTESIAN_POINT('',(50.0000000000001,-52.9999999736907,2.5258876435705));
#2291=CARTESIAN_POINT('',(-140.,-52.9999999736907,2.5258876435705));
#2292=CARTESIAN_POINT('',(58.0000000000001,-44.9999999736907,2.5258876435705));
#2293=CARTESIAN_POINT('Origin',(50.0000000000001,-44.9999999736907,2.5258876435705));
#2294=CARTESIAN_POINT('',(58.0000000000001,45.0000000263093,2.5258876435705));
#2295=CARTESIAN_POINT('',(58.0000000000001,-44.9999999736907,2.5258876435705));
#2296=CARTESIAN_POINT('',(50.0000000000001,53.0000000263093,2.5258876435705));
#2297=CARTESIAN_POINT('Origin',(50.0000000000001,45.0000000263093,2.5258876435705));
#2298=CARTESIAN_POINT('',(-140.,53.0000000263093,2.5258876435705));
#2299=CARTESIAN_POINT('',(50.0000000000001,53.0000000263093,2.5258876435705));
#2300=CARTESIAN_POINT('',(-148.,45.0000000263093,2.5258876435705));
#2301=CARTESIAN_POINT('Origin',(-140.,45.0000000263093,2.5258876435705));
#2302=CARTESIAN_POINT('',(-148.,45.0000000263093,2.5258876435705));
#2303=CARTESIAN_POINT('',(-144.,-44.9999999736907,2.5258876435705));
#2304=CARTESIAN_POINT('',(-144.,45.0000000263093,2.5258876435705));
#2305=CARTESIAN_POINT('',(-144.,45.0000000263093,2.5258876435705));
#2306=CARTESIAN_POINT('',(-140.,49.0000000263093,2.5258876435705));
#2307=CARTESIAN_POINT('Origin',(-140.,45.0000000263093,2.5258876435705));
#2308=CARTESIAN_POINT('',(-44.9999999999999,49.0000000263093,2.5258876435705));
#2309=CARTESIAN_POINT('',(50.0000000000001,49.0000000263093,2.5258876435705));
#2310=CARTESIAN_POINT('',(50.0000000000001,49.0000000263093,2.5258876435705));
#2311=CARTESIAN_POINT('',(50.0000000000001,49.0000000263093,2.5258876435705));
#2312=CARTESIAN_POINT('',(54.0000000000001,45.0000000263093,2.5258876435705));
#2313=CARTESIAN_POINT('Origin',(50.0000000000001,45.0000000263093,2.5258876435705));
#2314=CARTESIAN_POINT('',(54.0000000000001,-44.9999999736907,2.5258876435705));
#2315=CARTESIAN_POINT('',(54.0000000000001,-44.9999999736907,2.5258876435705));
#2316=CARTESIAN_POINT('',(50.0000000000001,-48.9999999736907,2.5258876435705));
#2317=CARTESIAN_POINT('Origin',(50.0000000000001,-44.9999999736907,2.5258876435705));
#2318=CARTESIAN_POINT('',(-44.9999999999999,-48.9999999736907,2.5258876435705));
#2319=CARTESIAN_POINT('',(-140.,-48.9999999736907,2.5258876435705));
#2320=CARTESIAN_POINT('',(-140.,-48.9999999736906,2.5258876435705));
#2321=CARTESIAN_POINT('',(-140.,-48.9999999736907,2.5258876435705));
#2322=CARTESIAN_POINT('Origin',(-140.,-44.9999999736907,2.5258876435705));
#2323=CARTESIAN_POINT('',(51.4000000000001,45.0000000263093,2.5258876435705));
#2324=CARTESIAN_POINT('Origin',(50.0000000000001,45.0000000263093,2.5258876435705));
#2325=CARTESIAN_POINT('',(51.4000000000001,-44.9999999736907,2.5258876435705));
#2326=CARTESIAN_POINT('Origin',(50.0000000000001,-44.9999999736907,2.5258876435705));
#2327=CARTESIAN_POINT('',(-138.6,45.0000000263093,2.5258876435705));
#2328=CARTESIAN_POINT('Origin',(-140.,45.0000000263093,2.5258876435705));
#2329=CARTESIAN_POINT('',(-138.6,-44.9999999736907,2.5258876435705));
#2330=CARTESIAN_POINT('Origin',(-140.,-44.9999999736907,2.5258876435705));
#2331=CARTESIAN_POINT('Origin',(-140.,-44.9999999736907,-37.4741123564295));
#2332=CARTESIAN_POINT('',(-140.,-52.9999999736907,-37.4741123564295));
#2333=CARTESIAN_POINT('',(-148.,-44.9999999736907,-37.4741123564295));
#2334=CARTESIAN_POINT('Origin',(-140.,-52.9999999736907,-37.4741123564295));
#2335=CARTESIAN_POINT('',(50.0000000000001,-52.9999999736907,-37.4741123564295));
#2336=CARTESIAN_POINT('Origin',(50.0000000000001,-44.9999999736907,-37.4741123564295));
#2337=CARTESIAN_POINT('',(58.0000000000001,-44.9999999736907,-37.4741123564295));
#2338=CARTESIAN_POINT('Origin',(58.0000000000001,-44.9999999736907,-37.4741123564295));
#2339=CARTESIAN_POINT('',(58.0000000000001,45.0000000263093,-37.4741123564295));
#2340=CARTESIAN_POINT('Origin',(50.0000000000001,45.0000000263093,-37.4741123564295));
#2341=CARTESIAN_POINT('',(50.0000000000001,53.0000000263093,-37.4741123564295));
#2342=CARTESIAN_POINT('Origin',(50.0000000000001,53.0000000263093,-37.4741123564295));
#2343=CARTESIAN_POINT('',(-140.,53.0000000263093,-37.4741123564295));
#2344=CARTESIAN_POINT('Origin',(-140.,45.0000000263093,-37.4741123564295));
#2345=CARTESIAN_POINT('',(-148.,45.0000000263093,-37.4741123564295));
#2346=CARTESIAN_POINT('Origin',(-148.,45.0000000263093,-37.4741123564295));
#2347=CARTESIAN_POINT('',(-148.,-6.75,-25.));
#2348=CARTESIAN_POINT('',(-148.,-6.75,-34.6));
#2349=CARTESIAN_POINT('',(-148.,-6.75,-31.2370561782148));
#2350=CARTESIAN_POINT('',(-148.,6.75,-34.6));
#2351=CARTESIAN_POINT('',(-148.,19.1250000131547,-34.6));
#2352=CARTESIAN_POINT('',(-148.,6.75,-25.));
#2353=CARTESIAN_POINT('',(-148.,6.75,-36.0370561782147));
#2354=CARTESIAN_POINT('',(-148.,25.8750000131547,-25.));
#2355=CARTESIAN_POINT('Origin',(-144.,-44.9999999736907,-37.4741123564295));
#2356=CARTESIAN_POINT('',(-144.,45.0000000263093,-37.4741123564295));
#2357=CARTESIAN_POINT('',(-144.,-44.9999999736907,-37.4741123564295));
#2358=CARTESIAN_POINT('',(-144.,-6.75,-34.6));
#2359=CARTESIAN_POINT('',(-144.,-6.75,-25.));
#2360=CARTESIAN_POINT('',(-144.,-6.75,-31.2370561782148));
#2361=CARTESIAN_POINT('',(-144.,6.75,-25.));
#2362=CARTESIAN_POINT('',(-144.,-19.1249999868453,-25.));
#2363=CARTESIAN_POINT('',(-144.,6.75,-34.6));
#2364=CARTESIAN_POINT('',(-144.,6.75,-36.0370561782147));
#2365=CARTESIAN_POINT('',(-144.,-25.8749999868453,-34.6));
#2366=CARTESIAN_POINT('Origin',(-140.,45.0000000263093,-37.4741123564295));
#2367=CARTESIAN_POINT('',(-140.,49.0000000263093,-37.4741123564295));
#2368=CARTESIAN_POINT('Origin',(-140.,49.0000000263093,-37.4741123564295));
#2369=CARTESIAN_POINT('',(-44.9999999999999,49.0000000263093,-37.4741123564295));
#2370=CARTESIAN_POINT('Origin',(50.0000000000001,45.0000000263093,-37.4741123564295));
#2371=CARTESIAN_POINT('',(54.0000000000001,45.0000000263093,-37.4741123564295));
#2372=CARTESIAN_POINT('',(50.0000000000001,49.0000000263093,-37.4741123564295));
#2373=CARTESIAN_POINT('Origin',(54.0000000000001,45.0000000263093,-37.4741123564295));
#2374=CARTESIAN_POINT('',(54.0000000000001,-44.9999999736907,-37.4741123564295));
#2375=CARTESIAN_POINT('Origin',(50.0000000000001,-44.9999999736907,-37.4741123564295));
#2376=CARTESIAN_POINT('',(50.0000000000001,-48.9999999736907,-37.4741123564295));
#2377=CARTESIAN_POINT('Origin',(50.0000000000001,-48.9999999736907,-37.4741123564295));
#2378=CARTESIAN_POINT('',(-44.9999999999999,-48.9999999736907,-37.4741123564295));
#2379=CARTESIAN_POINT('Origin',(-140.,-44.9999999736907,-37.4741123564295));
#2380=CARTESIAN_POINT('',(-140.,-48.9999999736906,-37.4741123564295));
#2381=CARTESIAN_POINT('Origin',(50.0000000000001,45.0000000263093,-37.4741123564295));
#2382=CARTESIAN_POINT('',(51.4000000000001,45.0000000263093,-37.4741123564295));
#2383=CARTESIAN_POINT('Origin',(50.0000000000001,-44.9999999736907,-37.4741123564295));
#2384=CARTESIAN_POINT('',(51.4000000000001,-44.9999999736907,-37.4741123564295));
#2385=CARTESIAN_POINT('Origin',(-140.,45.0000000263093,-37.4741123564295));
#2386=CARTESIAN_POINT('',(-138.6,45.0000000263093,-37.4741123564295));
#2387=CARTESIAN_POINT('Origin',(-140.,-44.9999999736907,-37.4741123564295));
#2388=CARTESIAN_POINT('',(-138.6,-44.9999999736907,-37.4741123564295));
#2389=CARTESIAN_POINT('Origin',(50.0000000000001,-48.9999999736907,-37.4741123564295));
#2390=CARTESIAN_POINT('Origin',(-140.,49.0000000263093,-37.4741123564295));
#2391=CARTESIAN_POINT('Origin',(-148.,6.75,-25.));
#2392=CARTESIAN_POINT('',(-148.,-6.75,-25.));
#2393=CARTESIAN_POINT('',(-148.,6.75,-25.));
#2394=CARTESIAN_POINT('Origin',(-148.,-6.75,-25.));
#2395=CARTESIAN_POINT('',(-148.,-6.75,-34.6));
#2396=CARTESIAN_POINT('Origin',(-148.,-6.75,-34.6));
#2397=CARTESIAN_POINT('',(-148.,6.75,-34.6));
#2398=CARTESIAN_POINT('Origin',(-148.,6.75,-34.6));
#2399=CARTESIAN_POINT('Origin',(55.5,45.0000000263093,2.5258876435705));
#2400=CARTESIAN_POINT('',(55.5,45.0000000263093,2.5258876435705));
#2401=CARTESIAN_POINT('',(55.5,-44.9999999736907,2.5258876435705));
#2402=CARTESIAN_POINT('',(55.5,-44.9999999736907,2.5258876435705));
#2403=CARTESIAN_POINT('',(55.5,-44.9999999736907,5.5258876435705));
#2404=CARTESIAN_POINT('',(55.5,-44.9999999736907,2.5258876435705));
#2405=CARTESIAN_POINT('',(55.5,45.0000000263093,5.5258876435705));
#2406=CARTESIAN_POINT('',(55.5,-44.9999999736907,5.5258876435705));
#2407=CARTESIAN_POINT('',(55.5,45.0000000263093,2.5258876435705));
#2408=CARTESIAN_POINT('Origin',(50.,45.0000000263093,2.5258876435705));
#2409=CARTESIAN_POINT('',(50.,50.5000000263093,2.5258876435705));
#2410=CARTESIAN_POINT('Origin',(50.,45.0000000263093,2.5258876435705));
#2411=CARTESIAN_POINT('',(50.,50.5000000263093,5.5258876435705));
#2412=CARTESIAN_POINT('Origin',(50.,45.0000000263093,5.5258876435705));
#2413=CARTESIAN_POINT('',(50.,50.5000000263093,2.5258876435705));
#2414=CARTESIAN_POINT('Origin',(-140.,50.5000000263093,2.5258876435705));
#2415=CARTESIAN_POINT('',(-140.,50.5000000263093,2.5258876435705));
#2416=CARTESIAN_POINT('',(50.,50.5000000263093,2.5258876435705));
#2417=CARTESIAN_POINT('',(-140.,50.5000000263093,5.5258876435705));
#2418=CARTESIAN_POINT('',(50.,50.5000000263093,5.5258876435705));
#2419=CARTESIAN_POINT('',(-140.,50.5000000263093,2.5258876435705));
#2420=CARTESIAN_POINT('Origin',(-140.,45.0000000263093,2.5258876435705));
#2421=CARTESIAN_POINT('',(-145.5,45.0000000263093,2.5258876435705));
#2422=CARTESIAN_POINT('Origin',(-140.,45.0000000263093,2.5258876435705));
#2423=CARTESIAN_POINT('',(-145.5,45.0000000263093,5.5258876435705));
#2424=CARTESIAN_POINT('Origin',(-140.,45.0000000263093,5.5258876435705));
#2425=CARTESIAN_POINT('',(-145.5,45.0000000263093,2.5258876435705));
#2426=CARTESIAN_POINT('Origin',(-145.5,-44.9999999736907,2.5258876435705));
#2427=CARTESIAN_POINT('',(-145.5,-44.9999999736907,2.5258876435705));
#2428=CARTESIAN_POINT('',(-145.5,45.0000000263093,2.5258876435705));
#2429=CARTESIAN_POINT('',(-145.5,-44.9999999736907,5.5258876435705));
#2430=CARTESIAN_POINT('',(-145.5,45.0000000263093,5.5258876435705));
#2431=CARTESIAN_POINT('',(-145.5,-44.9999999736907,2.5258876435705));
#2432=CARTESIAN_POINT('Origin',(-140.,-44.9999999736907,2.5258876435705));
#2433=CARTESIAN_POINT('',(-140.,-50.4999999736907,2.5258876435705));
#2434=CARTESIAN_POINT('Origin',(-140.,-44.9999999736907,2.5258876435705));
#2435=CARTESIAN_POINT('',(-140.,-50.4999999736907,5.5258876435705));
#2436=CARTESIAN_POINT('Origin',(-140.,-44.9999999736907,5.5258876435705));
#2437=CARTESIAN_POINT('',(-140.,-50.4999999736907,2.5258876435705));
#2438=CARTESIAN_POINT('Origin',(50.,-50.4999999736907,2.5258876435705));
#2439=CARTESIAN_POINT('',(50.,-50.4999999736907,2.5258876435705));
#2440=CARTESIAN_POINT('',(-140.,-50.4999999736907,2.5258876435705));
#2441=CARTESIAN_POINT('',(50.,-50.4999999736907,5.5258876435705));
#2442=CARTESIAN_POINT('',(-140.,-50.4999999736907,5.5258876435705));
#2443=CARTESIAN_POINT('',(50.,-50.4999999736907,2.5258876435705));
#2444=CARTESIAN_POINT('Origin',(50.,-44.9999999736907,2.5258876435705));
#2445=CARTESIAN_POINT('Origin',(50.,-44.9999999736907,2.5258876435705));
#2446=CARTESIAN_POINT('Origin',(50.,-44.9999999736907,5.5258876435705));
#2447=CARTESIAN_POINT('Origin',(-140.,45.0000000263093,2.5258876435705));
#2448=CARTESIAN_POINT('',(-140.,53.0000000263093,2.5258876435705));
#2449=CARTESIAN_POINT('',(-148.,45.0000000263093,2.5258876435705));
#2450=CARTESIAN_POINT('Origin',(-140.,45.0000000263093,2.5258876435705));
#2451=CARTESIAN_POINT('',(-148.,45.0000000263093,5.5258876435705));
#2452=CARTESIAN_POINT('',(-148.,45.0000000263093,2.5258876435705));
#2453=CARTESIAN_POINT('',(-140.,53.0000000263093,5.5258876435705));
#2454=CARTESIAN_POINT('Origin',(-140.,45.0000000263093,5.5258876435705));
#2455=CARTESIAN_POINT('',(-140.,53.0000000263093,2.5258876435705));
#2456=CARTESIAN_POINT('Origin',(50.0000000000001,53.0000000263093,2.5258876435705));
#2457=CARTESIAN_POINT('',(50.0000000000001,53.0000000263093,2.5258876435705));
#2458=CARTESIAN_POINT('',(50.0000000000001,53.0000000263093,2.5258876435705));
#2459=CARTESIAN_POINT('',(50.0000000000001,53.0000000263093,5.5258876435705));
#2460=CARTESIAN_POINT('',(50.0000000000001,53.0000000263093,5.5258876435705));
#2461=CARTESIAN_POINT('',(50.0000000000001,53.0000000263093,2.5258876435705));
#2462=CARTESIAN_POINT('Origin',(50.0000000000001,45.0000000263093,2.5258876435705));
#2463=CARTESIAN_POINT('',(58.,45.0000000263093,2.5258876435705));
#2464=CARTESIAN_POINT('Origin',(50.0000000000001,45.0000000263093,2.5258876435705));
#2465=CARTESIAN_POINT('',(58.,45.0000000263093,5.5258876435705));
#2466=CARTESIAN_POINT('Origin',(50.0000000000001,45.0000000263093,5.5258876435705));
#2467=CARTESIAN_POINT('',(58.,45.0000000263093,2.5258876435705));
#2468=CARTESIAN_POINT('Origin',(58.0000000000001,-44.9999999736907,2.5258876435705));
#2469=CARTESIAN_POINT('',(58.0000000000001,-44.9999999736907,2.5258876435705));
#2470=CARTESIAN_POINT('',(58.0000000000001,-44.9999999736907,2.5258876435705));
#2471=CARTESIAN_POINT('',(58.0000000000001,-44.9999999736907,5.5258876435705));
#2472=CARTESIAN_POINT('',(58.0000000000001,-44.9999999736907,5.5258876435705));
#2473=CARTESIAN_POINT('',(58.0000000000001,-44.9999999736907,2.5258876435705));
#2474=CARTESIAN_POINT('Origin',(50.0000000000001,-44.9999999736907,2.5258876435705));
#2475=CARTESIAN_POINT('',(50.0000000000001,-52.9999999736907,2.5258876435705));
#2476=CARTESIAN_POINT('Origin',(50.0000000000001,-44.9999999736907,2.5258876435705));
#2477=CARTESIAN_POINT('',(50.0000000000001,-52.9999999736907,5.5258876435705));
#2478=CARTESIAN_POINT('Origin',(50.0000000000001,-44.9999999736907,5.5258876435705));
#2479=CARTESIAN_POINT('',(50.0000000000001,-52.9999999736907,2.5258876435705));
#2480=CARTESIAN_POINT('Origin',(-140.,-52.9999999736907,2.5258876435705));
#2481=CARTESIAN_POINT('',(-140.,-52.9999999736907,2.5258876435705));
#2482=CARTESIAN_POINT('',(-140.,-52.9999999736907,2.5258876435705));
#2483=CARTESIAN_POINT('',(-140.,-52.9999999736907,5.5258876435705));
#2484=CARTESIAN_POINT('',(-140.,-52.9999999736907,5.5258876435705));
#2485=CARTESIAN_POINT('',(-140.,-52.9999999736907,2.5258876435705));
#2486=CARTESIAN_POINT('Origin',(-140.,-44.9999999736907,2.5258876435705));
#2487=CARTESIAN_POINT('',(-148.,-44.9999999736907,2.5258876435705));
#2488=CARTESIAN_POINT('Origin',(-140.,-44.9999999736907,2.5258876435705));
#2489=CARTESIAN_POINT('',(-148.,-44.9999999736907,5.5258876435705));
#2490=CARTESIAN_POINT('Origin',(-140.,-44.9999999736907,5.5258876435705));
#2491=CARTESIAN_POINT('',(-148.,-44.9999999736907,2.5258876435705));
#2492=CARTESIAN_POINT('Origin',(-148.,45.0000000263093,2.5258876435705));
#2493=CARTESIAN_POINT('',(-148.,45.0000000263093,2.5258876435705));
#2494=CARTESIAN_POINT('',(-148.,45.0000000263093,5.5258876435705));
#2495=CARTESIAN_POINT('Origin',(-44.9999999999999,2.63093280494786E-8,5.5258876435705));
#2496=CARTESIAN_POINT('Origin',(-44.9999999999999,2.63093280494786E-8,2.5258876435705));
#2497=UNCERTAINTY_MEASURE_WITH_UNIT(LENGTH_MEASURE(0.01),#2501,
'DISTANCE_ACCURACY_VALUE',
'Maximum model space distance between geometric entities at asserted c
onnectivities');
#2498=UNCERTAINTY_MEASURE_WITH_UNIT(LENGTH_MEASURE(0.01),#2501,
'DISTANCE_ACCURACY_VALUE',
'Maximum model space distance between geometric entities at asserted c
onnectivities');
#2499=(
GEOMETRIC_REPRESENTATION_CONTEXT(3)
GLOBAL_UNCERTAINTY_ASSIGNED_CONTEXT((#2497))
GLOBAL_UNIT_ASSIGNED_CONTEXT((#2501,#2503,#2504))
REPRESENTATION_CONTEXT('','3D')
);
#2500=(
GEOMETRIC_REPRESENTATION_CONTEXT(3)
GLOBAL_UNCERTAINTY_ASSIGNED_CONTEXT((#2498))
GLOBAL_UNIT_ASSIGNED_CONTEXT((#2501,#2503,#2504))
REPRESENTATION_CONTEXT('','3D')
);
#2501=(
LENGTH_UNIT()
NAMED_UNIT(*)
SI_UNIT(.MILLI.,.METRE.)
);
#2502=(
LENGTH_UNIT()
NAMED_UNIT(*)
SI_UNIT($,.METRE.)
);
#2503=(
NAMED_UNIT(*)
PLANE_ANGLE_UNIT()
SI_UNIT($,.RADIAN.)
);
#2504=(
NAMED_UNIT(*)
SI_UNIT($,.STERADIAN.)
SOLID_ANGLE_UNIT()
);
#2505=SHAPE_DEFINITION_REPRESENTATION(#2506,#2507);
#2506=PRODUCT_DEFINITION_SHAPE('',$,#2509);
#2507=SHAPE_REPRESENTATION('',(#1485),#2499);
#2508=PRODUCT_DEFINITION_CONTEXT('part definition',#2513,'design');
#2509=PRODUCT_DEFINITION('Wall mount','Wall mount v2',#2510,#2508);
#2510=PRODUCT_DEFINITION_FORMATION('',$,#2515);
#2511=PRODUCT_RELATED_PRODUCT_CATEGORY('Wall mount v2','Wall mount v2',
(#2515));
#2512=APPLICATION_PROTOCOL_DEFINITION('international standard',
'automotive_design',2009,#2513);
#2513=APPLICATION_CONTEXT(
'Core Data for Automotive Mechanical Design Process');
#2514=PRODUCT_CONTEXT('part definition',#2513,'mechanical');
#2515=PRODUCT('Wall mount','Wall mount v2',$,(#2514));
#2516=PRESENTATION_STYLE_ASSIGNMENT((#2517));
#2517=SURFACE_STYLE_USAGE(.BOTH.,#2518);
#2518=SURFACE_SIDE_STYLE('',(#2519));
#2519=SURFACE_STYLE_FILL_AREA(#2520);
#2520=FILL_AREA_STYLE('Steel - Satin',(#2521));
#2521=FILL_AREA_STYLE_COLOUR('Steel - Satin',#2522);
#2522=COLOUR_RGB('Steel - Satin',0.627450980392157,0.627450980392157,0.627450980392157);
ENDSEC;
END-ISO-10303-21;
